video,track_id,vf_mm_s,vr_mm_s,radius_um,charge_C,n,e_calc,error_pct
trial1drop1.mov,6,0.09238692387726367,0.1772024950894504,0.8934436541406128,1.1516718927014772e-18,7,1.6452455610021103e-19,2.699473221105514
trial1drop1.mov,77,0.15212596228864486,0.2586266371187264,1.1574901515084626,2.3172016130409535e-18,14,1.6551440093149667e-19,3.317353889823144
trial1drop1.mov,140,0.11487979007234593,0.12074929873240436,1.0007515889366478,1.1376248287841893e-18,7,1.625178326834556e-19,1.4468368810584287
trial1drop1.mov,192,0.09674393184045549,0.04823369565218058,0.9151713074327644,6.356519269090336e-19,4,1.589129817272584e-19,-0.8033821927225963
trial1drop1.mov,207,0.12413933801901246,0.11627511620932458,1.0418395729256658,1.2119609441068022e-18,8,1.5149511801335028e-19,-5.433759042852509
trial2.mov,2,0.19600864820703945,0.1926774019407538,1.319165769834667,2.5191658935641153e-18,16,1.574478683477572e-19,-1.7179348640716539
trial2.mov,170,0.1843485792747847,0.2081931082582322,1.2781421952354606,2.4604720386890062e-18,15,1.6403146924593375e-19,2.3916786803581473
trial2.mov,233,0.2560351042146721,0.1662141509433982,1.5133094774600688,3.162915287257627e-18,20,1.5814576436288134e-19,-1.2822944051926708
trial2.mov,823,0.18899359061945964,0.28752419369828824,1.2946357852934915,3.0276787030467763e-18,19,1.5935151068667245e-19,-0.5296437661220649
trial2.mov,1463,0.1823436831368709,0.2265925426774758,1.27095908524761,2.547971101503199e-18,16,1.5924819384394993e-19,-0.5941361773096551
trial2.mov,1670,0.07905741220482092,0.22942882251290153,0.8235856609810845,1.2062975673055654e-18,8,1.5078719591319567e-19,-5.875657981775483
trial2.mov,1711,0.08331536388139874,0.1782948787061954,0.8464992242560928,1.0540088754597178e-18,7,1.5057269649424539e-19,-6.009552750158933
trial2.mov,2258,0.05106058874815067,0.07846340828045496,0.6543543724365213,3.9331306472935923e-19,2,1.9665653236467962e-19,22.7568866196502
trial2.mov,2455,0.1195228375245248,0.5043380195510966,1.0215532018678743,3.07931939335056e-18,19,1.6206944175529263e-19,1.1669424190341002
trial2.mov,2465,0.16029235123365615,0.10120680420210293,1.1891882356390444,1.5182532877815978e-18,9,1.6869480975351087e-19,5.302627811180318
trial2.mov,3250,0.17341996584871294,0.09796213826605618,1.238498025857172,1.645140490827777e-18,10,1.645140490827777e-19,2.6929145335691063
trial2.mov,3357,0.1666307277628016,0.13633423180589954,1.2132385352601172,1.796845867623431e-18,11,1.6334962432940282e-19,1.9660576338344695
trial2.mov,3380,0.24826201944120943,0.09372978436658558,1.4895580870514562,2.5194901900586272e-18,16,1.574681368786642e-19,-1.7052828472757777
trial2.mov,3434,0.21205161885936497,0.1622516506194613,1.3736658555059764,2.531979964868123e-18,16,1.5824874780425768e-19,-1.2180101097018188
trial2.mov,3502,0.19086940179837408,0.23624467904153276,1.3012389779365916,2.7284355213804983e-18,17,1.604962071400293e-19,0.18489833959382382
trial2.mov,3532,0.16891009143674643,0.2454491948243711,1.221775318333124,2.4758848837345668e-18,15,1.6505899224897113e-19,3.0330788070980836
trial2.mov,3533,0.257643458655767,0.17747480974914592,1.5181787636751223,3.2703321214696847e-18,20,1.6351660607348424e-19,2.070290932262322
trial2.mov,3568,0.1297673912015527,0.3577863244699774,1.0660680587369633,2.5191070146485457e-18,16,1.574441884155341e-19,-1.7202319503532397
trial2.mov,3580,0.09601419034806959,0.04976822266868753,0.9115667834504193,6.364585303361208e-19,4,1.591146325840302e-19,-0.6775077502932517
trial2.mov,3582,0.24368872865861854,0.1471328500577314,1.4754100908636354,2.8504686395117474e-18,18,1.5835936886176374e-19,-1.1489582635682
trial2.mov,3599,0.12597283018868105,0.3216271416694399,1.049791797514283,2.2748754074307386e-18,14,1.6249110053076705e-19,1.430150144049347
trial2.mov,3668,0.1989735814988342,0.17258882365700864,1.3294013819184485,2.427949516499715e-18,15,1.61863301099981e-19,1.038265355793384
trial2.mov,4025,0.13351038396377854,0.16682142550921802,1.0818919022100313,1.5764232259657218e-18,10,1.5764232259657218e-19,-1.5965526862845274
trial2.mov,4040,0.18090931891473244,0.14475736597103153,1.2657958296274454,2.020404386144452e-18,13,1.5541572201111168e-19,-2.98644069218996
trial2.mov,4044,0.2422629743731374,0.1374703504043361,1.4709722783381571,2.7608324944561505e-18,17,1.624019114385971e-19,1.3744765534313983
trial2.mov,4095,0.20796373244409108,0.2234670971983493,1.3599801444616983,2.8877274596086085e-18,18,1.6042930331158937e-19,0.14313565018063124
trial2.mov,4427,0.13019424826218612,0.23463728789860183,1.067884048836952,1.8884600346015358e-18,12,1.5737166955012798e-19,-1.7654996565992624
trial2.mov,4517,0.18308481317592257,0.17376811075176327,1.2736189687326231,2.228385997262565e-18,14,1.591704283758975e-19,-0.642678916418538
trial2.mov,4522,0.21166129815014487,0.14843668936191767,1.3723648373750477,2.433452713708548e-18,15,1.622301809139032e-19,1.2672789724739135
trial2.mov,4649,0.19179035818951112,0.1504963743102269,1.304469044353018,2.1922978328237797e-18,14,1.565927023445557e-19,-2.2517463517130474
trial2.mov,4678,0.1408043593767158,0.18382101420132757,1.1121038467481046,1.754839158114458e-18,11,1.595308325558598e-19,-0.4177075181898798
trial2.mov,4728,0.1499676549865053,0.1312216981132576,1.1489714931745119,1.5738522510244098e-18,10,1.5738522510244098e-19,-1.7570380134575636
trial2.mov,4766,0.21164108865303843,0.15864038307784625,1.3722974423970051,2.5021404435008292e-18,16,1.5638377771880183e-19,-2.3821612242185832
trial2.mov,4821,0.15544548751578185,0.3864865541766122,1.1704750825272943,3.0937709330901307e-18,19,1.6283004911000687e-19,1.6417285330879348
trial2.mov,4868,0.12392629224936397,0.03749191374663609,1.0409117582242389,8.1295354592200215e-19,5,1.6259070918440044e-19,1.4923278304621956
trial2.mov,5090,0.15987779826925713,0.1027407178656645,1.187598848427728,1.5225845347075203e-18,10,1.5225845347075203e-19,-4.957269993288368
trial2.mov,5106,0.13683119046026182,0.08183433383511142,1.095746436993759,1.1634837936386255e-18,7,1.6621197051980365e-19,3.752790586643978
trial2.mov,5182,0.12614184634279677,0.1584085293365027,1.0505219366836518,1.447272410815731e-18,9,1.6080804564619233e-19,0.3795540862623826
trial2.mov,5210,0.1992722712109045,0.10268617712890152,1.330428288281321,1.9747387682144184e-18,12,1.645615640178682e-19,2.7225742933010024
trial2.mov,5214,0.161040136776737,0.3580607275863322,1.192050046378544,3.0215933409351023e-18,19,1.5903122847026853e-19,-0.7295702432780673
trial2.mov,5218,0.22533941210276728,0.02471994312965163,1.4172643096943742,1.748209309092674e-18,11,1.589281190084249e-19,-0.7939332032303931
trial2.mov,5264,0.0666522911051095,0.0749838274932482,0.7530664015400425,5.022196212190292e-19,3,1.6740654040634308e-19,4.498464673123024
trial2.mov,5295,0.08236318829413482,0.11669419899216803,0.8414269086742305,7.96763197421251e-19,5,1.593526394842502e-19,-0.5289391484081133
trial2.mov,5377,0.10460374652856004,0.09958449637521603,0.9531659704932429,9.354573801981995e-19,6,1.5590956336636659e-19,-2.6781751770495696
trial2.mov,5471,0.19080408066384044,0.14787735847680128,1.3010095820174776,2.1631176950129035e-18,14,1.5450840678663596e-19,-3.55280475241201
trial2.mov,5504,0.18138653868238927,0.2745752789536956,1.2675159317437847,2.8328177157912058e-18,18,1.5737876198840033e-19,-1.7610724167288816
trial2.mov,5507,0.21774389667095212,0.10711975356173062,1.3925051543120133,2.2293614641670836e-18,14,1.5924010458336312e-19,-0.5991856533313825
trial2.mov,5545,0.12647177267308118,0.16005359484622464,1.0519457916381711,1.4594340702640106e-18,9,1.6215934114044562e-19,1.2230593885428382
trial2.mov,5607,0.15839179306637569,0.12775022461818003,1.1818845548436663,1.6504754093927719e-18,10,1.6504754093927718e-19,3.0259306737061054
trial3.mov,2,0.2031874929352862,0.167574522106961,1.3438185300917447,2.4505020187059505e-18,15,1.6336680124706336e-19,1.9767798046587755
trial3.mov,476,0.11653914051249062,0.019044926127982517,1.0082331323184826,6.59864351303494e-19,4,1.649660878258735e-19,2.975086033628909
trial3.mov,965,0.050216113814005994,0.8974921437809399,0.6486043773134443,2.8497457671897875e-18,18,1.5831920928832152e-19,-1.1740266614722061
trial3.mov,1009,0.16058584234261758,0.3415724661142454,1.1903122333578127,2.9184416608542575e-18,18,1.6213564782523652e-19,1.2082695538305395
trial3.mov,1012,0.11969915912703466,0.24868816431281332,1.0223351273404442,1.819819667742822e-18,11,1.6543815161298381e-19,3.2697575611634297
trial3.mov,1014,0.2015582677252885,0.16806630725598806,1.3382623019881048,2.4323097487000843e-18,15,1.621539832466723e-19,1.2197148855632314
trial3.mov,1017,0.13423813750697622,0.264365056212149,1.0849427118777533,2.0985542613103773e-18,13,1.6142725087002903e-19,0.7660742010168737
trial3.mov,1018,0.17258626095059565,0.32535495092178984,1.2354231448838715,3.010606385700793e-18,19,1.584529676684628e-19,-1.090532042158052
trial3.mov,1034,0.13615710418362145,0.28170010597907746,1.09294782215871,2.2172813688200754e-18,14,1.5837724063000538e-19,-1.137802353305008
trial3.mov,1050,0.12844464912583334,0.23731087859261485,1.0604216556950434,1.87908130970899e-18,12,1.5659010914241583e-19,-2.2533650796405547
trial3.mov,1393,0.05400323891315486,0.9210236150063907,0.6740292868570728,3.0596235659141245e-18,19,1.6103281925863814e-19,0.5198622088877286
trial3.mov,1421,0.16684986167120883,0.24371553904396728,1.2140617701027963,2.4367657080330776e-18,15,1.6245104720220516e-19,1.40514806629536
trial3.mov,1586,0.17360709392057586,0.19478028208522097,1.239187178661794,2.234513240588434e-18,14,1.596080886134596e-19,-0.36948276313383716
trial3.mov,1591,0.11109540241320567,0.36246248469481124,0.9834843732582867,2.2439558375968176e-18,14,1.6028255982834412e-19,0.051535473373361444
trial3.mov,1619,0.19317941142338685,0.303849745165957,1.3093262437660966,3.195947028516998e-18,20,1.597973514258499e-19,-0.2513411823658592
trial3.mov,1701,0.13160647778756837,0.18747349157228127,1.0738710448706297,1.6615507070293784e-18,10,1.6615507070293783e-19,3.7172725985879085
trial3.mov,1778,0.1417301010913814,0.14591984723823803,1.1158818589788133,1.560600643874068e-18,10,1.560600643874068e-19,-2.5842294710319598
trial3.mov,1976,0.12549511540006397,0.2589804309361887,1.0477254504496079,1.9499312868402003e-18,12,1.6249427390335002e-19,1.4321310258114985
trial3.mov,2005,0.11536830250601923,0.18229957056023796,1.002959725511636,1.4405584033359415e-18,9,1.6006204481510462e-19,-0.08611434762508141
trial3.mov,2019,0.11349998240933583,0.25746530366851006,0.9944892420677085,1.7789865809329554e-18,11,1.6172605281208684e-19,0.952592267220251
trial3.mov,2097,0.10821803525566014,0.30593658541360413,0.970158252419657,1.933862266313963e-18,12,1.611551888594969e-19,0.5962477275261586
trial3.mov,2243,0.19251505462176216,0.29781050876885423,1.3070053254139773,3.1469282204311042e-18,20,1.573464110215552e-19,-1.7812665283675355
trial3.mov,2260,0.08602044555330945,0.1540958581707832,0.8607536647789671,9.851254286849191e-19,6,1.6418757144748653e-19,2.4891207537369118
trial3.mov,2312,0.13073809280698515,0.11501005356665814,1.0701934406911315,1.2749991242128965e-18,8,1.5937489052661206e-19,-0.5150496088563888
trial3.mov,2380,0.10950215566323096,0.18950694396299972,0.9761270593832594,1.405451033568222e-18,9,1.5616122595202468e-19,-2.5210824269508874
trial3.mov,2464,0.13643904108871602,0.13179954559021204,1.094119183973955,1.4249886949354107e-18,9,1.5833207721504564e-19,-1.1659942477867387
trial3.mov,2550,0.13295736988021817,0.24831057974302367,1.0795680598318378,1.9966543606279177e-18,12,1.663878633856598e-19,3.86258638305856
trial3.mov,2844,0.22687268249953652,0.21720931546820096,1.4222114822991745,3.1160787919226615e-18,19,1.6400414694329798e-19,2.374623560111102
trial3.mov,2962,0.07948876042664771,0.1862683048407459,0.8259344860188469,1.042439408789778e-18,7,1.4891991554139686e-19,-7.041251222598715
trial3.mov,3098,0.12368893983177406,0.20517612838161625,1.0398771496543895,1.6545043380610551e-18,10,1.6545043380610552e-19,3.2774243483804746
trial3.mov,3108,0.12806818082069582,0.1891272499484764,1.058809319562954,1.6269487570539721e-18,10,1.6269487570539722e-19,1.5573506275887798
trial3.mov,3120,0.11851652474903564,0.08582119836419835,1.0170794863644173,1.0038509938048401e-18,6,1.6730849896747336e-19,4.437265273079501
trial3.mov,3163,0.16664310361980555,0.3388409773602726,1.2132850428624946,2.9980826098154037e-18,19,1.5779382156923177e-19,-1.5019840391811652
trial3.mov,3202,0.13892480071771177,0.2755292224622963,1.1043948929944387,2.223845813259302e-18,14,1.5884612951852157e-19,-0.8451126600988966
trial3.mov,3252,0.12304541596943201,0.2734167169231146,1.0370670600727299,1.988802793372668e-18,12,1.65733566114389e-19,3.454161120093006
trial3.mov,3346,0.12674489900314176,0.29469517271713075,1.0531231136312678,2.149204285856374e-18,13,1.6532340660433645e-19,3.1981314633810562
trial3.mov,3370,0.14748069060432625,0.32169993314179046,1.1390793679368187,2.601967028363704e-18,16,1.626229392727315e-19,1.5124464873480112
trial3.mov,3380,0.11248409494336897,0.3229987260013495,0.9898542426150287,2.0779188473239535e-18,13,1.5983991133261182e-19,-0.2247744490562904
trial3.mov,3395,0.09368036278116018,0.0937367457861423,0.8999462073670734,8.069474419271673e-19,5,1.6138948838543347e-19,0.7425021132543513
trial3.mov,3404,0.13018992470297278,0.28687433008252167,1.0678656699128186,2.1587899861751944e-18,13,1.6606076816732266e-19,3.6584070957070303
trial3.mov,3424,0.1557500360375996,0.14997879325782434,1.1716594135489606,1.7472189143956247e-18,11,1.5883808312687498e-19,-0.8501353764825353
trial3.mov,3440,0.11068652315914665,0.18449597141201596,0.9816012975589373,1.3958416430591148e-18,9,1.550935158954572e-19,-3.1875681052077423
trial3.mov,3453,0.08248833629180229,0.1874734915722813,0.8420952460601162,1.081504644744466e-18,7,1.5450066353492373e-19,-3.5576382428690816
trial4.mov,26,0.1648785425101217,0.042236842105263406,1.2066364403010907,1.221272159621271e-18,8,1.5265901995265888e-19,-4.707228493970738
trial4.mov,65,0.0979959458236666,0.19824037933830266,0.9213241016872751,1.3082851936519387e-18,8,1.6353564920649234e-19,2.0821780315183154
trial4.mov,71,0.10107954545454445,0.05824801446182694,0.9363126273622265,7.160200647963979e-19,4,1.7900501619909947e-19,11.738462046878574
trial4.mov,86,0.06206570638733799,0.14810624927766344,0.7253505338479594,7.151576594826991e-19,4,1.7878941487067477e-19,11.603879444865653
trial4.mov,88,0.07822847177780835,0.19761352350062827,0.8190538031276787,1.0721801425558663e-18,7,1.5316859179369518e-19,-4.389143699316364
trial4.mov,106,0.0798835341988755,0.547755998010708,0.8280785848942809,2.4688949204563775e-18,15,1.6459299469709184e-19,2.742193943253334
trial4.mov,125,0.07470887308610172,0.08131824922482156,0.7995397393146844,5.90721805449932e-19,4,1.47680451362483e-19,-7.814949211933209
trial4.mov,251,0.17708333333333007,0.29432553143778,1.251922607002395,2.8905962107586182e-18,18,1.605886783754788e-19,0.24262070878826547
trial4.mov,267,0.13068785975985922,0.4795568181818455,1.0699803314443213,3.165417979519852e-18,20,1.5827089897599259e-19,-1.2041829113654252
trial4.mov,303,0.0993209336201016,0.3738299946263432,0.9277929307371962,2.1054600582081426e-18,13,1.6195846601601097e-19,1.0976691735399298
trial4.mov,343,0.0653021480331262,0.31601825842697917,0.7450093175264194,1.3362343127630797e-18,8,1.6702928909538496e-19,4.2629769634113375
trial4.mov,373,0.04801410913273102,0.08478519605729999,0.6333802825760004,3.8891569735387183e-19,2,1.9445784867693592e-19,21.38442489196999
trial4.mov,389,0.09375000000000501,0.08854166666667139,0.900295022077244,7.85208536229575e-19,5,1.57041707245915e-19,-1.9714686355087416
trial4.mov,403,0.05947034041545754,0.24947578358410938,0.709213406308122,1.0255292754496901e-18,6,1.709215459082817e-19,6.692600442123407
