video,track_id,vf_mm_s,vr_mm_s,delta_vf_mm_s,delta_vr_mm_s,radius_um,delta_radius_um,charge_C,delta_charge_C,n,e_calc,delta_e_calc,error_pct,dq_d,dq_V,dq_eta,dq_rho,dq_b,dq_p,dq_vf,dq_vr,dq_g
trial1drop1.mov,6,0.0923869238772636,0.1772024950894504,0.004619346193863181,0.008860124754472521,0.891649325962895,0.02344244071367614,1.1296845523016578e-18,6.532515295603071e-20,7,1.613835074716654e-19,9.332164708004387e-21,0.7387687089047438,1.5062460697355544e-20,2.259369194979034e-22,3.900909745229206e-21,3.602798895658524e-21,1.4353350291955405e-21,1.4521024337139076e-21,5.1279966525907956e-20,3.712736985359558e-20,6.507677697310024e-23
trial1drop1.mov,77,0.1521259622886448,0.2586266371187264,0.007606298114432241,0.01293133185593632,1.155186807847442,0.03008962360333397,2.2730879600571104e-18,1.3084889779235447e-19,14,1.6236342571836504e-19,9.346349842311034e-21,1.350453007718502,3.0307839467428334e-20,4.546176101961345e-22,7.777212972625174e-21,7.065234745703809e-21,2.251524267487447e-21,2.277832820642774e-21,1.0469452357914557e-19,7.156145765514626e-20,1.2761820483988711e-22
trial1drop1.mov,140,0.1148797900723459,0.1207492987324043,0.005743989503617296,0.006037464936620216,0.9987503523995173,0.026144366582297594,1.115934501220011e-18,6.689810830603636e-20,7,1.5941921446000157e-19,9.556872615148051e-21,-0.4873817353298544,1.487912668293353e-20,2.231869091714466e-22,3.836906867386956e-21,3.5166838692607125e-21,1.2717400566437988e-21,1.2865980919194955e-21,5.836073784043302e-20,2.8593309327200453e-20,6.352129658329467e-23
trial1drop1.mov,192,0.0967439318404554,0.0482336956521805,0.00483719659202277,0.0024116847826090248,0.9133350782483279,0.023989598147329486,6.235198236001432e-19,4.073130688746529e-20,4,1.558799559000358e-19,1.0182826721866322e-20,-2.6966567415506826,8.313597648001987e-21,1.2470396970815972e-22,2.151037439358319e-21,1.9833247543588855e-21,7.742089211005935e-22,7.832533651762548e-22,3.8373834697396045e-20,1.0372174632999224e-20,3.582447622823111e-23
trial1drop1.mov,207,0.1241393380190124,0.1162751162093245,0.006206966900950621,0.005813755810466226,1.039759129887195,0.0271787175123966,1.188863448130252e-18,7.194842600351717e-20,7,1.6983763544717884e-19,1.0278346571931024e-20,6.016002151797033,1.5851512641736782e-20,2.3777269913711713e-22,4.081841947357687e-21,3.7316311517954085e-21,1.3034166834041015e-21,1.3186453877381046e-21,6.375495687307553e-20,2.874936035606904e-20,6.740385535164842e-23
trial2.mov,2,0.1960086482070394,0.1926774019407538,0.009800432410351972,0.009633870097037691,1.3165508988417516,0.03415805195000839,2.4712647816714102e-18,1.4757022115010202e-19,15,1.6475098544476068e-19,9.838014743340134e-21,2.8408148843699648,3.2950197088952213e-20,4.942529761045222e-22,8.42234897617645e-21,7.597023627568927e-21,2.15674795645679e-21,2.181951688513036e-21,1.2961908184327625e-19,6.125211818884156e-20,1.3722382461565508e-22
trial2.mov,28,0.2325059275180371,0.1143492321051272,0.011625296375901855,0.00571746160525636,1.4373973814924765,0.0372044077459755,2.4195091878479564e-18,1.5567926376339947e-19,15,1.613006125231971e-19,1.0378617584226631e-20,0.687024046939511,3.226012250463962e-20,4.839018569256072e-22,8.226436316318044e-21,7.387979647504912e-21,1.9389128737001454e-21,1.9615724109655475e-21,1.4654210399534156e-19,3.9882499946418075e-20,1.3344789780615975e-22
trial2.mov,170,0.1952761614557789,0.2863113313116777,0.009763808072788946,0.014315566565583885,1.314015193726927,0.034094126534308385,3.0556930628113053e-18,1.766460146859329e-19,19,1.6082595067427922e-19,9.297158667680678e-21,0.3907307579770411,4.074257417081771e-20,6.111386370080203e-22,1.0414710954868891e-20,9.395084242193814e-21,2.6717887778287837e-21,2.7030112261151373e-21,1.4519526439602282e-19,9.083287689489634e-20,1.6970190632756744e-22
trial2.mov,424,0.1227008086253377,0.2888265947888613,0.0061350404312668855,0.014441329739443065,1.0334909017412408,0.027020622615876996,2.0218731541857144e-18,1.1543910820870856e-19,13,1.5552870416813189e-19,8.87993140066989e-21,-2.9159150011661117,2.695830872247635e-20,4.043746470122817e-22,6.943359117232988e-21,6.350042625683368e-21,2.2296291599881273e-21,2.255679287539033e-21,8.64091158061173e-20,7.095162234320446e-20,1.1469980197878266e-22
trial2.mov,476,0.1241537889258919,0.1999568733153623,0.006207689446294596,0.009997843665768115,1.0398219135517939,0.027180301006888622,1.6028498279562485e-18,9.289704787193274e-20,10,1.6028498279562484e-19,9.289704787193274e-21,0.05304793734384651,2.1371331039416665e-20,3.20569978414079e-22,5.503210603645484e-21,5.031031311084422e-21,1.757190694774352e-21,1.777721150920706e-21,7.527649082924836e-20,4.9443118868090526e-20,9.0874712148613e-23
trial2.mov,862,0.1889935906194596,0.2875241936982882,0.009449679530972982,0.014376209684914409,1.292068175425327,0.03354083178054654,2.9700989904719517e-18,1.713942767387334e-19,19,1.5632099949852378e-19,9.020751407301759e-21,-2.42134862763809,3.9601319872959413e-20,5.940198218553593e-22,1.0127817235289393e-20,9.144286176560397e-21,2.639720551630333e-21,2.6705678600708593e-21,1.3992090654089032e-19,8.960581803491586e-20,1.651717806003883e-22
trial2.mov,1552,0.0761740469772786,0.4325616359861343,0.00380870234886393,0.021628081799306715,0.8060888278638039,0.02128320153429029,1.9103655357418672e-18,1.0996121726097066e-19,12,1.5919712797848893e-19,9.163434771747555e-21,-0.626012497822138,2.5471540476558422e-20,3.8207312243137096e-22,6.624415290847779e-21,6.163505985024631e-21,2.672558689682808e-21,2.7037756178155995e-21,6.892116899756987e-20,8.121612746510041e-20,1.1133041447270375e-22
trial2.mov,1603,0.2115607551294926,0.1782679037877048,0.010578037756474631,0.00891339518938524,1.3693127961702323,0.03548814481152534,2.5836236593328707e-18,1.5651968515374898e-19,16,1.6147647870830442e-19,9.782480322109311e-21,0.7968031887043808,3.444831545777194e-20,5.16724752535642e-22,8.795738790599171e-21,7.918023740180424e-21,2.1704191882474605e-21,2.1957834117813135e-21,1.4025716253104198e-19,5.90743091086358e-20,1.4302199899998628e-22
trial2.mov,1733,0.1883698418606792,0.2350246474522406,0.009418492093033961,0.01175123237261203,1.2898694647916962,0.0334854004435192,2.6342301184627886e-18,1.5413772619686494e-19,16,1.6463938240392429e-19,9.633607887304059e-21,2.771150064871591,3.51230682461708e-20,5.26846044766385e-22,8.982966822748959e-21,8.111338415817679e-21,2.3450814375515017e-21,2.3724856098322353e-21,1.3046627647018656e-19,7.311254876090549e-20,1.4651381015947304e-22
trial2.mov,1756,0.1426218711131769,0.31624195338512,0.007131093555658846,0.015812097669256002,1.1172794471635745,0.029133730311988456,2.4505621295111462e-18,1.3974788453547095e-19,15,1.6337080863407642e-19,9.316525635698063e-21,1.979281294679416,3.2674161726815304e-20,4.901124455068425e-22,8.393415100110012e-21,7.639848447237413e-21,2.5067911026858894e-21,2.5360815517689404e-21,1.0577903660938168e-19,8.444450328760666e-20,1.3799735951984647e-22
trial2.mov,2149,0.2229539097930429,0.1743426792390661,0.011147695489652144,0.008717133961953305,1.4067448424166493,0.03643173822800118,2.70912058410728e-18,1.6531334432524584e-19,17,1.5936003435925176e-19,9.724314372073284e-21,-0.5243231215656893,3.6121607788097343e-20,5.418241384944361e-22,9.216327007318589e-21,8.285608504110037e-21,2.2169803848342097e-21,2.242889233123358e-21,1.4942097295885438e-19,5.944115228444518e-20,1.4966162433349007e-22
trial2.mov,2290,0.2519900538707156,0.1049678504670506,0.012599502693535781,0.005248392523352531,1.4980299638219998,0.038732734414928006,2.600624815477571e-18,1.7039660596238777e-19,16,1.625390509673482e-19,1.0649787872649235e-20,1.4600817524021183,3.467499753970131e-20,5.201249839006841e-22,8.832950330170605e-21,7.917261659099005e-21,2.001919545580866e-21,2.025316074072359e-21,1.619303972940478e-19,3.823728140414649e-20,1.4300823489347481e-22
trial2.mov,2339,0.1408404951137112,0.19774504877422,0.00704202475568556,0.009887252438711,1.1100353920906347,0.028951052711046577,1.7957006672841373e-18,1.0471200564443209e-19,11,1.6324551520764884e-19,9.519273240402918e-21,1.9010706664474668,2.3942675563788767e-20,3.5914014782240363e-22,6.15175829716531e-21,5.601603972477089e-21,1.8484695899454652e-21,1.870067798129703e-21,8.697928558887379e-20,5.2437400598758683e-20,1.0118087575220948e-22
trial2.mov,2343,0.0510605887481506,0.0784634082804549,0.0025530294374075304,0.003923170414022745,0.6530214366784406,0.017417880508067755,3.857707822821618e-19,2.2933458361180836e-20,2,1.928853911410809e-19,1.1466729180590418e-20,20.40286588082454,5.1436104304288374e-21,7.715415954261216e-23,1.3511743593141896e-21,1.2790840548799204e-21,6.588050382273671e-22,6.664981115292558e-22,1.8936972528979507e-20,1.1684665037858178e-20,2.3103887387705367e-23
trial2.mov,2553,0.1195228375245248,0.5043380195510966,0.00597614187622624,0.025216900977554836,1.0195118643443462,0.02666804022137687,3.0206213845763536e-18,1.7188892850912593e-19,19,1.5898007287243965e-19,9.046785711006627e-21,-0.7615025765045855,4.027495179435171e-20,6.041243010801478e-22,1.0378149611102701e-20,9.499489947319844e-21,3.3749325177314415e-21,3.4143634202593784e-21,1.1311494250573086e-19,1.2209567162556153e-19,1.715877636511726e-22
trial2.mov,2808,0.1755394215740174,0.226647033147173,0.00877697107870087,0.011332351657358651,1.2438075022243569,0.032324104528872015,2.4076585193472934e-18,1.4067916273852697e-19,15,1.6051056795648622e-19,9.378610849235132e-21,0.19386264449826693,3.210211359129746e-20,4.815317231308163e-22,8.219029260791398e-21,7.43591201843126e-21,2.220254630519345e-21,2.24619937025347e-21,1.184259700727303e-19,6.784025839704987e-20,1.3431369044041767e-22
trial2.mov,2818,0.1312216981131763,0.2193689761071302,0.006561084905658816,0.01096844880535651,1.070103958230208,0.027944032063987243,1.787949363945981e-18,1.0329943299058338e-19,11,1.6254085126781645e-19,9.390857544598489e-21,1.4612055354659492,2.3839324852613246e-20,3.5758988709284446e-22,6.132686393223758e-21,5.5965641882419125e-21,1.9066669686743596e-21,1.928944447423069e-21,8.304861756206829e-20,5.593711557965717e-20,1.0108984234909751e-22
trial2.mov,2941,0.1783660704096004,0.3342636525990921,0.008918303520480021,0.016713182629954602,1.2540961076201722,0.032583502772967475,3.0957550960579054e-18,1.7690967981014346e-19,19,1.6293447873988976e-19,9.311035779481235e-21,1.7069155679711363,4.127673461410574e-20,6.191510439777057e-22,1.0565420624379162e-20,9.554495725853006e-21,2.8321034625176496e-21,2.8651981630828807e-21,1.3851628642009506e-19,1.0093039473864278e-19,1.7258132954880037e-22
trial2.mov,3283,0.2050747924499973,0.2187806779612965,0.010253739622499865,0.010939033898064826,1.3475524165746668,0.03493958905797573,2.7620091388711607e-18,1.6354514911167646e-19,17,1.6247112581595062e-19,9.620302888922144e-21,1.4176815330528214,3.682678851828237e-20,5.524018498704182e-22,9.407150877127641e-21,8.475242036787105e-21,2.3566508062044626e-21,2.3841910735410554e-21,1.4190714906010987e-19,7.128305213934878e-20,1.5308694389101219e-22
trial2.mov,3284,0.0312432614555226,0.6816501241993773,0.0015621630727761303,0.03408250620996887,0.5025875556583853,0.013613758875708605,1.581925449112393e-18,9.455515351128802e-20,10,1.5819254491123929e-19,9.455515351128803e-21,-1.2530930641452636,2.1092339321498735e-20,3.163851024777614e-22,5.625364064102573e-21,5.461574477601257e-21,3.4499280154605296e-21,3.4901967170226935e-21,5.1867686035344886e-20,7.562979966990566e-20,9.865151951655582e-23
trial2.mov,3335,0.1417749775381924,0.4408473783852757,0.00708874887690962,0.022042368919263786,1.1138411808090238,0.029047025833868603,3.101272778231338e-18,1.758948915524881e-19,19,1.6322488306480727e-19,9.257625871183585e-21,1.888191675909658,4.135030370975136e-20,6.20254580456669e-22,1.0623231230664817e-20,9.671230650483266e-21,3.1818820836817496e-21,3.2190604923726334e-21,1.2343184640763566e-19,1.1733054525292675e-19,1.746898909915083e-22
trial2.mov,3370,0.1734199658487129,0.0979621382660561,0.008670998292435644,0.004898106913302806,1.236038580940966,0.032128230644039496,1.613841157187132e-18,1.0265514263314588e-19,10,1.613841157187132e-19,1.0265514263314587e-20,0.7391483887098618,2.1517882095828667e-20,3.227682443483039e-22,5.510197309800944e-21,4.986873362406927e-21,1.4972827818161917e-21,1.5147791622947407e-21,9.574314504747312e-20,2.9127810600392225e-20,9.007709651196224e-23
trial2.mov,3479,0.1666307277628016,0.1363342318058995,0.00833153638814008,0.006816711590294974,1.2108277627830752,0.03149258838370347,1.7626537887949006e-18,1.0756273138389869e-19,11,1.6024125352680915e-19,9.778430125808972e-21,0.025751265174250117,2.35020505172656e-20,3.5253077186028195e-22,6.022019342174187e-21,5.456243671911574e-21,1.668296264217324e-21,1.6877906878122728e-21,9.681271112009576e-20,3.965971024788061e-20,9.855525713342986e-23
trial2.mov,3502,0.2504400562522037,0.0880207884097065,0.012522002812610188,0.004401039420485325,1.4932942899195558,0.0386133680458968,2.4576693435418986e-18,1.641544681213443e-19,15,1.6384462290279323e-19,1.0943631208089619e-20,2.2750455073615674,3.2768924580558963e-20,4.915338883700078e-22,8.3480665199388e-21,7.48374194078244e-21,1.897716106611339e-21,1.9198947582419193e-21,1.5722077860825672e-19,3.1957314513738526e-20,1.3517763731060218e-22
trial2.mov,3560,0.1827190386799836,0.2066706105032949,0.009135951933999182,0.010333530525164746,1.2697823053949953,0.032978979370694175,2.3827090331112666e-18,1.4062763948193837e-19,15,1.5884726887408444e-19,9.375175965462558e-21,-0.8444014518823699,3.1769453774817245e-20,4.765418256840993e-22,8.128933828920808e-21,7.34625852807991e-21,2.1536880780413476e-21,2.178855361415025e-21,1.2099132432507454e-19,6.323176945736428e-20,1.3269429410887343e-22
trial2.mov,3625,0.1953938161260326,0.2483446329531561,0.00976969080630163,0.012417231647657805,1.314422807762318,0.034104402543283,2.816463340859006e-18,1.6446335024451793e-19,18,1.5647018560327812e-19,9.136852791362107e-21,-2.328223718303297,3.7552844544786946e-20,5.63292690703613e-22,9.59926112533415e-21,8.659330316884734e-21,2.4618739897629947e-21,2.4906433864242157e-21,1.3873225769663653e-19,7.881371966561628e-20,1.5641210067622572e-22
trial2.mov,3689,0.1122025725137415,0.1720858628943387,0.005610128625687076,0.008604293144716935,0.9865883541477491,0.025837588100735408,1.3287611771747822e-18,7.739641078480583e-20,8,1.6609514714684777e-19,9.674551348100729e-21,3.679867132863779,1.7716815695663862e-20,2.6575224606512056e-22,4.5706943458962504e-21,4.1925584127887905e-21,1.5322129659265969e-21,1.550113952725381e-21,6.336928468699186e-20,4.0216376270527784e-20,7.572950986491878e-23
trial2.mov,3703,0.1768045332215623,0.1166663662603072,0.008840226661078115,0.005833318313015361,1.2484224845302336,0.032440458767542875,1.7637579745219713e-18,1.1013639262094895e-19,11,1.6034163404745193e-19,1.0012399329177178e-20,0.08841076619970917,2.3516772993626394e-20,3.5275160901448187e-22,6.0202860304639355e-21,5.445578593382026e-21,1.6206493517357424e-21,1.6395874714910423e-21,1.013733786606109e-19,3.505820069611877e-20,9.836261590869791e-23
trial2.mov,3710,0.0960141903480695,0.0497682226686875,0.004800709517403476,0.002488411133434376,0.9097375052197544,0.023898829893710484,6.243104530433109e-19,4.060519137779274e-20,4,1.5607761326082772e-19,1.0151297844448185e-20,-2.5732751180850704,8.324139373910874e-21,1.248620956031864e-22,2.154096839085896e-21,1.986688502003156e-21,7.7812558929712045e-22,7.872157506118413e-22,3.815885963825281e-20,1.0656574067640504e-20,3.588523503056758e-23
trial2.mov,3721,0.1034425887465402,0.2032618799292886,0.005172129437327011,0.010163093996464432,0.9457460179085264,0.02480729192484894,1.3697045068558777e-18,7.892865009373267e-20,9,1.5218938965065307e-19,8.769850010414741e-21,-5.000380992101702,1.8262726758078513e-20,2.7394091232880137e-22,4.718927863453678e-21,4.3406625864121565e-21,1.6448347402493213e-21,1.664050683714109e-21,6.155930198625739e-20,4.538713019297561e-20,7.840469113545183e-23
trial2.mov,3724,0.2181347708894828,0.2480234294007951,0.01090673854447414,0.012401171470039758,1.3910310838256472,0.03603562732584465,3.1412429894830205e-18,1.847707069741432e-19,20,1.5706214947415102e-19,9.238535348707159e-21,-1.9587081934138433,4.1883239859773766e-20,6.282486230266296e-22,1.0689581949075246e-20,9.615378509401172e-21,2.5988211641446327e-21,2.6291921730378913e-21,1.586879834775815e-19,8.356625050762139e-20,1.7368104755964833e-22
trial2.mov,4151,0.1335103839637785,0.166821425509218,0.006675519198188926,0.0083410712754609,1.0797342572379456,0.028186903513664457,1.5463917618264372e-18,9.104917303883006e-20,10,1.5463917618264372e-19,9.104917303883006e-21,-3.47117591595273,2.061855682435263e-20,3.0927836473638106e-22,5.302538082563837e-21,4.836350327583174e-21,1.6348932465726546e-21,1.653995478678946e-21,7.722241932866732e-20,4.294771149221075e-20,8.735822129880972e-23
trial2.mov,4169,0.1480922254211567,0.1285293594643234,0.007404611271057834,0.006426467973216171,1.1392469129667107,0.02968768203060028,1.5083078271994683e-18,9.16699186179685e-20,9,1.675897585777187e-19,1.0185546513107611e-20,4.612833069737019,2.011077102932646e-20,3.016615775063728e-22,5.162853260570019e-21,4.693975962509679e-21,1.514185707945066e-21,1.531878417161315e-21,8.196117613883998e-20,3.5040981885999885e-20,8.4786536648008e-23
trial2.mov,4175,0.2306951323181338,0.1846490661739106,0.01153475661590669,0.00923245330869553,1.4316355480208696,0.03705916878805881,2.8850260299600644e-18,1.7550557750257115e-19,18,1.6027922388667025e-19,9.750309861253952e-21,0.04945311277793585,3.8467013732801057e-20,5.770052290722476e-22,9.810236995495995e-21,8.812054170667772e-21,2.321011414146818e-21,2.348136356291929e-21,1.5819208418602335e-19,6.412962601303269e-20,1.5917072868098927e-22
trial2.mov,4227,0.207963732444091,0.2234670971983493,0.010398186622204552,0.011173354859917467,1.3572866410480795,0.03518497992462493,2.832832486883499e-18,1.6759090602932183e-19,18,1.5737958260463883e-19,9.310605890517879e-21,-1.76056017188587,3.777109982511346e-20,5.665665200392871e-22,9.646465383102486e-21,8.687695338362062e-21,2.4002469188976178e-21,2.4282968054297407e-21,1.4524802934150599e-19,7.336574129596771e-20,1.5692445408214225e-22
trial2.mov,4518,0.2523555138329053,0.0720102876888343,0.012617775691645265,0.003600514384441715,1.4991444235334725,0.03876082518012632,2.3650225157598596e-18,1.6147060358280018e-19,15,1.5766816771732398e-19,1.0764706905520013e-20,-1.580419652107377,3.153363354346504e-20,4.7300452207195895e-22,8.032584619356128e-21,7.199620161818075e-21,1.8192388222224063e-21,1.840500362865934e-21,1.5577521007108028e-19,2.6252143560057526e-20,1.3004559096964637e-22
trial2.mov,4563,0.1301942482621861,0.3321942732016106,0.006509712413109305,0.01660971366008053,1.0657534035212233,0.027834311589772308,2.3478374650153305e-18,1.3367103603088487e-19,15,1.565224976676887e-19,8.911402402058991e-21,-2.2955694958247856,3.1304499533537936e-20,4.6956751178571815e-22,8.054222256927895e-21,7.351950407765567e-21,2.5135776701187737e-21,2.5429461787434963e-21,9.81994755713544e-20,8.433796732423282e-20,1.327971023252647e-22
trial2.mov,4656,0.1949637831820485,0.2604751205844731,0.009748189159102427,0.013023756029223656,1.3129323650378601,0.034066828242506265,2.887259654639253e-18,1.6797675954502032e-19,18,1.6040331414662516e-19,9.332042196945574e-21,0.12691270076476813,3.8496795395190375e-20,5.774519540260005e-22,9.840868180471786e-21,8.8778002977194e-21,2.526536449121249e-21,2.5560614645939313e-21,1.4045782756969387e-19,8.256423644107279e-20,1.603582890310614e-22
trial2.mov,4727,0.2285787278682162,0.0756930147444241,0.01142893639341081,0.003784650737221205,1.4248725716975552,0.036888692992713856,2.102986513857939e-18,1.4156685893392214e-19,13,1.6176819337368762e-19,1.0889758379532471e-20,0.9788972370085034,2.803982018477294e-20,4.2059731959552243e-22,7.151874238225225e-21,6.425642776185119e-21,1.699666908668682e-21,1.7195303249759507e-21,1.3591262275118076e-19,2.615776736839843e-20,1.1606536031821874e-22
trial2.mov,4806,0.2550344502144004,0.1064333641592498,0.012751722510720022,0.00532166820796249,1.5072892628266397,0.03896612102138754,2.6505939232857778e-18,1.7360335754309078e-19,17,1.5591728960504575e-19,1.0211962208417105e-20,-2.673352306463324,3.534125231047749e-20,5.301188058619043e-22,9.001288816977317e-21,8.065855631564923e-21,2.0281785399613363e-21,2.0518820545072534e-21,1.649594342726708e-19,3.902306333472746e-20,1.4569226420298786e-22
trial2.mov,4832,0.1648572354434345,0.1630986350357178,0.008242861772171725,0.00815493175178589,1.2041580463882833,0.031324420454637944,1.8968826765677874e-18,1.1354515556724782e-19,12,1.5807355638064895e-19,9.462096297270652e-21,-1.3273680520293683,2.529176902090394e-20,3.793765504886506e-22,6.481693545349947e-21,5.8745279336821655e-21,1.8049605982175253e-21,1.826051881417751e-21,9.97234164726612e-20,4.716777518254126e-20,1.0611065880321612e-22
trial2.mov,4869,0.1499676549865053,0.1312216981132576,0.0074983827493252655,0.006561084905662881,1.1466845661917238,0.029875231814009348,1.5438879272389017e-18,9.37297916949168e-20,10,1.5438879272389018e-19,9.372979169491679e-21,-3.627470209806379,2.0585172363185495e-20,3.087775977988694e-22,5.2835439785494666e-21,4.801895606178439e-21,1.5401940894274388e-21,1.5581907971317376e-21,8.371329149072775e-20,3.602405163558396e-20,8.67358719842307e-23
trial2.mov,4908,0.2116410886530384,0.1586403830778462,0.010582054432651922,0.00793201915389231,1.3695802094117122,0.03549488593464785,2.4545789606148527e-18,1.5060961695862653e-19,15,1.6363859737432352e-19,1.0040641130575102e-20,2.1464403085664925,3.2727719474864685e-20,4.909158117597067e-22,8.3563722828861e-21,7.522427731260853e-21,2.0616218263975822e-21,2.0857146120050485e-21,1.3679223840060393e-19,5.2580992614419627e-20,1.3587641143578265e-22
trial2.mov,4962,0.1586797768846217,0.2221098850189812,0.007933988844231086,0.01110549425094906,1.180641562784873,0.030731470447605325,2.1567527935721716e-18,1.2551187482568045e-19,13,1.659040610440132e-19,9.654759601975419e-21,3.560587418235456,2.875670391429594e-20,4.313505759686096e-22,7.374144880342491e-21,6.690760613633928e-21,2.0917602603543722e-21,2.116202452832907e-21,1.0421913947967201e-19,6.290035719456435e-20,1.2085413887411517e-22
trial2.mov,4963,0.1554454875157818,0.3864865541766122,0.00777227437578909,0.01932432770883061,1.1681467155495608,0.03041641364400931,3.0348797260466332e-18,1.723363712820283e-19,19,1.5973051189719122e-19,9.070335330633069e-21,-0.2930637345872529,4.04650630139555e-20,6.069759694886406e-22,1.037998592680282e-20,9.423720511391826e-21,2.9738550344367657e-21,3.008604185645719e-21,1.270288988617015e-19,1.0821838509467554e-19,1.7021915615826334e-22
trial2.mov,5010,0.1239262922493639,0.037491913746636,0.006196314612468196,0.0018745956873318,1.038833103664682,0.02715536177026107,7.974601665962078e-19,5.477798367498554e-20,5,1.5949203331924156e-19,1.0955596734997108e-20,-0.4419267670152557,1.0632802221282835e-20,1.5949203969891724e-22,2.7380833382460944e-21,2.5033027484851415e-21,8.750497814742335e-22,8.852735751928537e-22,5.2786948283167207e-20,9.261132471991337e-21,4.5216756284424065e-23
trial2.mov,5098,0.149967654986547,0.398747331536435,0.007498382749327351,0.019937366576821748,1.1466845661918885,0.029875231814013404,3.0127543374213666e-18,1.7098461776875125e-19,19,1.585660177590193e-19,8.999190408881645e-21,-1.019963945680832,4.017005783228524e-20,6.025508915865109e-22,1.0310346857105438e-20,9.370454655495628e-21,3.005546154953791e-21,3.0406650636762896e-21,1.2420233920104942e-19,1.0946737214468946e-19,1.6925702307687213e-22
trial2.mov,5238,0.1934782390159413,0.2159835280796559,0.009673911950797066,0.010799176403982796,1.3077709697746291,0.03393670813690811,2.5849902284535716e-18,1.5259217547623567e-19,16,1.6156188927834822e-19,9.53701096726473e-21,0.8501181512785422,3.446653637938113e-20,5.169980663708606e-22,8.811599313283584e-21,7.950881187212861e-21,2.2706910612963208e-21,2.297226198303275e-21,1.3151722701286274e-19,6.817673278180413e-20,1.4361549709879675e-22
trial2.mov,5247,0.1531248687756842,0.1027107457274201,0.007656243438784211,0.005135537286371006,1.159101411088126,0.030188332866107354,1.4208956136159869e-18,8.879322420759086e-20,9,1.5787729040177632e-19,9.865913800843428e-21,-1.44988114745548,1.8945274848213338e-20,2.841791340904517e-22,4.8609765718452524e-21,4.415113575150324e-21,1.4028233645744165e-21,1.419215085936245e-21,8.163694435141613e-20,2.8522465169435406e-20,7.974949016943279e-23
trial2.mov,5254,0.2263528009209421,0.121415428780656,0.011317640046047106,0.0060707714390328005,1.417725773366372,0.03670854097605299,2.3909105767842854e-18,1.5233691628627036e-19,15,1.593940384522857e-19,1.0155794419084691e-20,-0.5030970959515039,3.1878807690457427e-20,4.78182134484433e-22,8.132122440987313e-21,7.308129522414223e-21,1.9418425180453057e-21,1.964536077424969e-21,1.4255144874143202e-19,4.173662342669355e-20,1.3200557755790776e-22
trial2.mov,5329,0.1111004410719152,0.0903594927973355,0.00555502205359576,0.004517974639866775,0.9815395650172658,0.025710232786368338,9.36437792580965e-19,5.76515683504533e-20,6,1.5607296543016084e-19,9.60859472507555e-21,-2.5761763856673903,1.2485837234413039e-20,1.872875660077164e-22,3.221777148465267e-21,2.9562274251152664e-21,1.0851538306198535e-21,1.097831719867229e-21,5.2011896875602736e-20,2.100071273447088e-20,5.339786156655478e-23
trial2.mov,5358,0.1854596045322574,0.1066779053337694,0.009272980226612871,0.005333895266688471,1.2795624907501157,0.03322555100530027,1.8022087472087115e-18,1.142589768633192e-19,11,1.6383715883715558e-19,1.03871797148472e-20,2.2703862903592906,2.4029449962783e-20,3.60441763859609e-22,6.147113963976355e-21,5.5529960705457616e-21,1.6169149690867365e-21,1.6358098117906424e-21,1.0639974375726342e-19,3.2905027193288124e-20,1.0030288093311387e-22
trial2.mov,5366,0.2867669107812249,0.0247199431296516,0.014338345539061246,0.0012359971564825801,1.60069400841982,0.04132035974200633,2.4328662854834907e-18,1.8085100894716142e-19,15,1.6219108569889938e-19,1.205673392981076e-20,1.2428749681019853,3.2438217139780136e-20,4.865732765597138e-22,8.249916319906938e-21,7.372658800777854e-21,1.7556282091647006e-21,1.776147187172646e-21,1.7729282559542552e-19,9.653748699841944e-21,1.3317116104261394e-22
trial2.mov,5414,0.0666522911051095,0.0749838274932482,0.003332614555255476,0.0037491913746624103,0.7515428872689134,0.019906210163384345,4.926095632831504e-19,2.975075209095074e-20,3,1.6420318776105012e-19,9.916917363650246e-21,2.4988687647004513,6.5681275104420626e-21,9.852191659754246e-23,1.713547755717764e-21,1.6030577414240922e-21,7.366119270146591e-22,7.45215212196307e-22,2.5793789216117806e-20,1.3039664910436305e-20,2.895577283632531e-23
trial2.mov,5443,0.0823631882941348,0.116694198992168,0.004118159414706741,0.005834709949608401,0.839732908315715,0.02213234910478558,7.815401006780707e-19,4.6087336525735233e-20,5,1.5630802013561414e-19,9.217467305147046e-21,-2.429450601988676,1.0420534675707685e-20,1.56308026387915e-22,2.7053559585808356e-21,2.5094338053716372e-21,1.0515653227251098e-21,1.06384875849726e-21,3.840294367488576e-20,2.2908267126432137e-20,4.532749855497719e-23
trial2.mov,5509,0.2354343548223449,0.0848618197462619,0.011771717741117245,0.004243090987313096,1.446668205155384,0.03743809652623844,2.2494239948105686e-18,1.4996328218816977e-19,14,1.606731424864692e-19,1.0711663013440697e-20,0.2953448729520588,2.999231993080783e-20,4.498848169577035e-22,7.646868620564576e-21,6.865373721275242e-21,1.79137481057789e-21,1.8123102033904793e-21,1.4348918496208716e-19,2.979901552643153e-20,1.240081504056556e-22
trial2.mov,5526,0.0965307492035386,0.099584496375216,0.00482653746017693,0.0049792248187608005,0.9122855077672775,0.023963117163526,8.42404357128839e-19,5.078941611601882e-20,5,1.684808714257678e-19,1.0157883223203764e-20,5.169083286996134,1.1232058095051243e-20,1.6848087816503495e-22,2.906282177735973e-21,2.679897501569375e-21,1.04714464431763e-21,1.0593775564012476e-21,4.4475606397563126e-20,2.1388039823572687e-20,4.840655777858856e-23
trial2.mov,5621,0.1258588236102071,0.0992352992994896,0.006292941180510356,0.004961764964974481,1.0472041980786615,0.02736649128777383,1.121649608626959e-18,6.910085070513095e-20,7,1.6023565837527984e-19,9.871550100732992e-21,0.02225866122337449,1.4955328115026176e-20,2.2432993069866233e-22,3.850118273537636e-21,3.518224291495692e-21,1.2213089791284445e-21,1.2355784580749752e-21,6.252748236782922e-20,2.4724598133090044e-20,6.354912151885523e-23
trial2.mov,5654,0.2048744896600972,0.1826216864605953,0.010243724483004861,0.009131084323029764,1.3468749684730086,0.03492251111851589,2.523736327050976e-18,1.5207424104459618e-19,16,1.57733520440686e-19,9.504640065287261e-21,-1.5396251930798914,3.3649817694013316e-20,5.047472856002193e-22,8.595734336074003e-21,7.744404569057881e-21,2.1543989149294453e-21,2.179575619149683e-21,1.3532937242642996e-19,5.947013320776154e-20,1.3988594337785167e-22
trial2.mov,5657,0.2177438966709521,0.1071197535617306,0.010887194833547605,0.005355987678086531,1.3897489914134842,0.03600330819983641,2.1869901619399653e-18,1.4085694875957205e-19,14,1.562135829957118e-19,1.0061210625683718e-20,-2.4884001275207166,2.915986882586664e-20,4.37398049884009e-22,7.442463615780145e-21,6.694869476609459e-21,1.8109682414491957e-21,1.832132028100641e-21,1.3260183569538251e-19,3.60566420744738e-20,1.2092835895426459e-22
trial2.mov,5694,0.1796758221070931,0.2745752789536956,0.008983791105354657,0.01372876394768478,1.2588357992967916,0.03270299957525625,2.754204609744799e-18,1.590268722148713e-19,17,1.620120358673411e-19,9.35452189499243e-21,1.1311085314239075,3.6722728129930754e-20,5.508409439827516e-22,9.398712723939042e-21,8.497702701722759e-21,2.510449949221748e-21,2.5397860363213563e-21,1.2976315565719973e-19,8.323991920440424e-20,1.5349264609417829e-22
trial2.mov,5695,0.1264717726730811,0.1600535948462246,0.006323588633654055,0.008002679742311232,1.0498458678739204,0.027433116693239105,1.4316231077966524e-18,8.430009167276372e-20,9,1.5906923419962805e-19,9.366676852529302e-21,-0.7058463173357965,1.9088308103955493e-20,2.8632463301251133e-22,4.9136907304548654e-21,4.489410874710708e-21,1.5550470293667708e-21,1.5732158654674903e-21,7.137248542826729e-20,3.998536444636776e-20,8.109150915618354e-23
trial2.mov,5736,0.1138331351121677,0.0867192643094297,0.005691656755608385,0.004335963215471485,0.9940126569370906,0.026024862460030725,9.449688790532672e-19,5.856322758693612e-20,6,1.5749481317554454e-19,9.76053793115602e-21,-1.6886309765639558,1.259958505404361e-20,1.8899378337045014e-22,3.2496350849654185e-21,2.9793403281967293e-21,1.0818364099139888e-21,1.094475698184675e-21,5.321334912446006e-20,2.043032300365015e-20,5.381534635412752e-23
trial2.mov,5758,0.1583917930663756,0.12775022461818,0.007919589653318782,0.0063875112309090005,1.1795342011176781,0.030703548644777107,1.6190608503351294e-18,9.904612203887477e-20,10,1.6190608503351293e-19,9.904612203887477e-21,1.0649719310317949,2.1587478004468407e-20,3.2381218301960506e-22,5.535885661607959e-21,5.023124434588712e-21,1.5716966580052795e-21,1.5900618995207479e-21,8.931335450333785e-20,3.614208583809447e-20,9.073189327457634e-23
trial2.mov,5948,0.2190892377278554,0.2395828867070823,0.01095446188639277,0.011979144335354115,1.3941569811121917,0.03611442511819277,3.098124980538383e-18,1.8284481074231112e-19,19,1.6305920950202017e-19,9.623411091700585e-21,1.7847749700500428,4.130833307384544e-20,6.196250208927495e-22,1.0542220806340832e-20,9.481778530375176e-21,2.557563813692708e-21,2.587452717799549e-21,1.5800037335469216e-19,8.091376025206841e-20,1.7126785249831361e-22
trial3.mov,2,0.2031874929352862,0.167574522106961,0.010159374646764311,0.008378726105348051,1.3411561629483406,0.03477834398592252,2.4039138997045416e-18,1.4606357753093853e-19,15,1.6026092664696944e-19,9.737571835395902e-21,0.03803161483735526,3.2052185329394086e-20,4.807827991721239e-22,8.188584894036796e-21,7.379171002721666e-21,2.060606068229917e-21,2.0846866169586508e-21,1.3124651679451987e-19,5.432524187831989e-20,1.3328878771509437e-22
trial3.mov,20,0.2728012603926784,0.1446693703037876,0.013640063019633919,0.007233468515189381,1.5602576625577909,0.04030119264045221,3.1743230703411493e-18,2.0196361212144116e-19,20,1.5871615351705746e-19,1.0098180606072057e-20,-0.9262462440340445,4.2324307604548906e-20,6.348646394628881e-22,1.077075962522278e-20,9.636336518847633e-21,2.348551092682908e-21,2.375999442219536e-21,1.890829556775741e-19,5.500115289079276e-20,1.7405961057492913e-22
trial3.mov,95,0.1490104222642302,0.3526755894359053,0.007450521113211511,0.017633779471795268,1.1428941754413993,0.02977965264462852,2.7448334802048622e-18,1.5614363192140784e-19,17,1.6146079295322719e-19,9.184919524788697e-21,0.7870118309782694,3.659777973606483e-20,5.489667179998893e-22,9.394451042025068e-21,8.539687435341498e-21,2.74703720284165e-21,2.779135421084709e-21,1.164328420935665e-19,9.64782496380687e-20,1.5425100763556965e-22
trial3.mov,212,0.2318808462209782,0.0882171913133759,0.011594042311048913,0.004410859565668794,1.4354109554033359,0.037154335842257684,2.2296130735228158e-18,1.477836456806268e-19,14,1.5925807668020113e-19,1.0555974691473343e-20,-0.5879671159793204,2.972817431363755e-20,4.4592263254153645e-22,7.581053199309091e-21,6.808826748682298e-21,1.7891413720654255e-21,1.81005055147175e-21,1.4107369904797475e-19,3.0723431573781034e-20,1.2298675136790942e-22
trial3.mov,244,0.2541307330202046,0.0999858621718881,0.012706536651010233,0.004999293108594405,1.5045464673074158,0.038896987265036764,2.5917225306935987e-18,1.7090332207302012e-19,16,1.6198265816834992e-19,1.0681457629563758e-20,1.1127703922284158,3.455630040924835e-20,5.183445268727305e-22,8.801762492971771e-21,7.887726046420211e-21,1.9866519677075605e-21,2.009870129551839e-21,1.6287138586575203e-19,3.658902396273433e-20,1.424747378863754e-22
trial3.mov,481,0.1801266240874199,0.2948529507767687,0.009006331204370995,0.014742647538838437,1.2604631539004363,0.03274402816404683,2.883832865345468e-18,1.658490578451542e-19,18,1.6021293696363712e-19,9.21383654695301e-21,0.00807550788833988,3.845110487127319e-20,5.767665961398945e-22,9.840696850746573e-21,8.896701034400641e-21,2.6253175744197613e-21,2.6559959882583624e-21,1.3351075141387048e-19,8.950980998891005e-20,1.6069968924878705e-22
trial3.mov,482,0.1332256572787458,0.0190449261279825,0.006661282863937291,0.0009522463063991251,1.0785407024546894,0.028156802905903052,7.831056472262213e-19,5.725840715892038e-20,5,1.5662112944524426e-19,1.1451681431784077e-20,-2.2340015947289236,1.0441408629683052e-20,1.5662113571010787e-22,2.6853492302500496e-21,2.4494234339867516e-21,8.288066167344666e-22,8.384904542591066e-22,5.595437174880729e-20,4.897265403519193e-21,4.4243543141055e-23
trial3.mov,598,0.1830162330816116,0.2639530844486451,0.009150811654080581,0.013197654222432256,1.2708464214641566,0.033005807316484864,2.7374734020360227e-18,1.5858992804897488e-19,17,1.6102784717858958e-19,9.328819296998523e-21,0.5167585384454342,3.6499645360480655e-20,5.474947023069814e-22,9.339033371610862e-21,8.439470913972218e-21,2.4723453307063826e-21,2.5012363555514702e-21,1.3082059398205744e-19,8.082932314639496e-20,1.524408147923869e-22
trial3.mov,735,0.2704765400734356,0.1198694143083373,0.01352382700367178,0.005993470715416865,1.5534270425583723,0.040129029330348114,2.9544405920039508e-18,1.9200222587358973e-19,18,1.6413558844466393e-19,1.066679032631054e-20,2.4566719379924664,3.9392541226719434e-20,5.90888142036577e-22,1.0025738089070553e-20,8.971545582520654e-21,2.1952366341891708e-21,2.2208930718181223e-21,1.8183544467105147e-19,4.5363229642431683e-20,1.6205159779682426e-22
trial3.mov,985,0.0502161138140059,0.8974921437809399,0.0025108056907002948,0.044874607189047,0.6472825477788272,0.017272876481019356,2.7950903782711224e-18,1.6483158738817602e-19,17,1.644170810747719e-19,9.695975728716236e-21,2.6323851902446394,3.726787171028196e-20,5.590180980151158e-22,9.794396197919716e-21,9.279084587231104e-21,4.81318290633967e-21,4.8693872355257615e-21,8.963790820026476e-20,1.3234936150193397e-19,1.676065961464639e-22
trial3.mov,1023,0.1783413130591222,0.3049527123388813,0.008917065652956111,0.015247635616944068,1.2540063493151243,0.03258123978515222,2.9183761695817962e-18,1.6748109357170582e-19,18,1.6213200942121091e-19,9.304505198428101e-21,1.2059983902689857,3.8911682261090966e-20,5.836752572633501e-22,9.96006971388231e-21,9.007100862532532e-21,2.6700162325044786e-21,2.7012168520953458e-21,1.3365341243254518e-19,9.20730116419522e-20,1.6269382360186827e-22
trial3.mov,1031,0.1495039868201252,0.1529389010194928,0.007475199341006261,0.007646945050974642,1.1448500753853799,0.029828973044588394,1.657750054733639e-18,9.909589665853708e-20,10,1.657750054733639e-19,9.909589665853708e-21,3.4800283853707272,2.2103334063115315e-20,3.3155002420870403e-22,5.673496103480811e-21,5.1567769164227e-21,1.6563433301310373e-21,1.6756971806043242e-21,8.666122736844839e-20,4.191443768887915e-20,9.314603628460007e-23
trial3.mov,1034,0.1500038949880655,0.1740356013785916,0.007500194749403275,0.00870178006892958,1.1468278293686371,0.029878844351601822,1.779396285156114e-18,1.0516681382481919e-19,11,1.6176329865055582e-19,9.560619438619926e-21,0.9758418542795417,2.3725283802081692e-20,3.5587927126655553e-22,6.089484197536838e-21,5.534326298591437e-21,1.7749247853304695e-21,1.795664253281342e-21,9.021991739961392e-20,4.778403652182704e-20,9.996565038645863e-23
trial3.mov,1035,0.1646100242663044,0.2326702790018063,0.00823050121331522,0.011633513950090317,1.2032254988337332,0.03130090738985023,2.29596061163077e-18,1.334359645917895e-19,14,1.63997186545055e-19,9.531140327984964e-21,2.3702787422315805,3.061280815507687e-20,4.5919214069393475e-22,7.845537637246547e-21,7.110921327523582e-21,2.1863375361728377e-21,2.211885260126054e-21,1.1057036553439274e-19,6.723235354116906e-20,1.2844343497863714e-22
trial3.mov,1037,0.1616199893424644,0.2857208980296414,0.008080999467123222,0.014286044901482072,1.1918903934613763,0.031015103707215507,2.559381797980808e-18,1.4688672516609807e-19,16,1.599613623738005e-19,9.18042032288113e-21,-0.14896231348283429,3.412509063974419e-20,5.118763800714174e-22,8.748210133843856e-21,7.933258370124005e-21,2.45959842343466e-21,2.4883390248794145e-21,1.1652713467243596e-19,8.173508015504857e-20,1.4329717731527297e-22
trial3.mov,1051,0.1441902551885766,0.2457905601856221,0.007209512759428829,0.012289528009281105,1.1236200436875048,0.02929362285368787,2.095310375003104e-18,1.2071738691109745e-19,13,1.611777211540849e-19,9.28595283931519e-21,0.6103128302652373,2.793747166670825e-20,4.190620917629887e-22,7.175322990391594e-21,6.52894241305591e-21,2.1317132491323555e-21,2.1566212463886015e-21,9.658543746987962e-20,6.602985205061852e-20,1.1793124175873673e-22
trial3.mov,1164,0.2107562956807175,0.0870412639442739,0.010537814784035876,0.004352063197213695,1.3666321188703383,0.035420568490866534,1.9696000454475466e-18,1.2952943177973352e-19,12,1.6413333712062888e-19,1.0794119314977794e-20,2.455266617121647,2.6261333939300878e-20,3.9392002484641464e-22,6.705701245970749e-21,6.0371390993188416e-21,1.6577498841974704e-21,1.6771228604449003e-21,1.2317691466562765e-19,2.878406351555381e-20,1.0904787992317796e-22
trial3.mov,1414,0.0540032389131548,0.9210236150063909,0.00270016194565774,0.04605118075031955,0.6726583532458196,0.01791399068454945,3.0009792045882942e-18,1.7660872109845769e-19,19,1.579462739256997e-19,9.295195847287247e-21,-1.4068202710988167,4.0013056061177716e-20,6.001958649254485e-22,1.049506736989689e-20,9.909404409424307e-21,4.98383720319839e-21,5.042037490373086e-21,9.612938160416142e-20,1.417382867178438e-19,1.7899196323421579e-22
trial3.mov,1442,0.1120670921536584,0.1917844320623798,0.00560335460768292,0.009589221603118992,0.9859690665696853,0.025821966712238742,1.419239803971475e-18,8.215938642248302e-20,9,1.576933115523861e-19,9.128820713609225e-21,-1.5647243742908152,1.8923197386286432e-20,2.8384797214818457e-22,4.8820358470576784e-21,4.478325639776694e-21,1.6375325197829246e-21,1.656663952938122e-21,6.585257271500013e-20,4.478965515596147e-20,8.089127742178433e-23
trial3.mov,1513,0.099951974271172,0.2252055022297137,0.004997598713558601,0.011260275111485687,0.9289921605429337,0.024384620285568943,1.4243644068434874e-18,8.175660806149031e-20,9,1.582627118714986e-19,9.084067562387812e-21,-1.209293463484019,1.8991525424579896e-20,2.8487289276356743e-22,4.910585428385128e-21,4.522432104259471e-21,1.740034012468896e-21,1.7603617562838527e-21,6.196470537054221e-20,4.9326053494642864e-20,8.168796443789752e-23
trial3.mov,1614,0.1124964240119551,0.2193234108402652,0.005624821200597756,0.01096617054201326,0.9879302825764263,0.025871437852228212,1.5531918984143377e-18,8.93721900896024e-20,10,1.5531918984143378e-19,8.93721900896024e-21,-3.0466979766330953,2.0709225312191334e-20,3.106383921085434e-22,5.342430542580453e-21,4.900014925553364e-21,1.7886701012488354e-21,1.809567328522955e-21,6.97462443631804e-20,5.1330768849519213e-20,8.850818335889211e-23
trial3.mov,1619,0.1110954024132056,0.3624624846948112,0.005554770120660281,0.01812312423474056,0.981516425989704,0.025709649102211195,2.2011634943685835e-18,1.2535700574320145e-19,14,1.5722596388347026e-19,8.954071838800104e-21,-1.8564520078213125,2.934884659158127e-20,4.402327164832052e-22,7.573022380614768e-21,6.94883908203493e-21,2.5507888488344916e-21,2.580589801338903e-21,8.739469135840748e-20,8.423882392295236e-20,1.2551576519295976e-22
trial3.mov,1647,0.1931794114233868,0.303849745165957,0.00965897057116934,0.01519248725829785,1.3067303300824658,0.033910473247194844,3.135173210279703e-18,1.8049841938201496e-19,20,1.5675866051398515e-19,9.024920969100748e-21,-2.148151988773313,4.1802309470396226e-20,6.27034667137409e-22,1.0687279044691737e-20,9.643742519939383e-21,2.756106689999649e-21,2.7883143408534544e-21,1.4637467178933547e-19,9.583155921189775e-20,1.7419338097903426e-22
trial3.mov,1682,0.089075563541516,0.2542270076680286,0.0044537781770758,0.01271135038340143,0.874824415919013,0.023017899063728125,1.4091712094154597e-18,8.069835217329459e-20,9,1.5657457882393997e-19,8.96648357481051e-21,-2.26305941077405,1.8788949458873014e-20,2.8183425315659547e-22,4.869725570328617e-21,4.503659016080051e-21,1.8233523948988012e-21,1.8446521274967574e-21,5.818898876178131e-20,5.217691475473422e-20,8.134886807506035e-23
trial3.mov,1725,0.1022008578163016,0.1874734915722812,0.00511004289081508,0.00937367457861406,0.939818910968364,0.024657763482390873,1.2849038654997025e-18,7.427902252873376e-20,8,1.6061298318746281e-19,9.28487781609172e-21,0.2577922518494477,1.7132051539996195e-20,2.569807833791732e-22,4.42782624264005e-21,4.0746234239142724e-21,1.552329820990711e-21,1.570464949772537e-21,5.877010679594509e-20,4.157865798411012e-20,7.35992683768346e-23
trial3.mov,1805,0.1417301010913814,0.145919847238238,0.0070865050545690705,0.0072959923619119,1.113658703110263,0.0290424241871699,1.5308799926154635e-18,9.155155012695007e-20,10,1.5308799926154635e-19,9.155155012695007e-21,-4.439451147599032,2.0411733234872998e-20,3.0617601077032807e-22,5.243969297443409e-21,4.7740773927444215e-21,1.570919468615989e-21,1.5892747300972043e-21,8.001209688518782e-20,3.88294480773807e-20,8.623339567113017e-23
trial3.mov,1985,0.0899872759546987,0.3104561020436995,0.0044993637977349355,0.015522805102184978,0.8794874939251969,0.023135564788725842,1.6532236654687097e-18,9.452819123803197e-20,10,1.6532236654687096e-19,9.452819123803197e-21,3.197482238995608,2.2042982206249715e-20,3.3064474631954143e-22,5.71188072377749e-21,5.280505559185102e-21,2.1282934038339666e-21,2.15315549024276e-21,6.536760372815275e-20,6.408563647041572e-20,9.538092229076623e-23
trial3.mov,2007,0.1254951154000639,0.2589804309361887,0.006274755770003195,0.012949021546809436,1.045633661745182,0.02732688069264698,1.9127718239802438e-18,1.0958896651699311e-19,12,1.5939765199835366e-19,9.132413876416093e-21,-0.5008414492174422,2.5503624319736643e-20,3.8255438009846535e-22,6.5660253086131055e-21,6.000570296056584e-21,2.0857346634830045e-21,2.1101038492419068e-21,8.438652638836328e-20,6.442158363223491e-20,1.083873395314316e-22
trial3.mov,2038,0.1505027565364663,0.1816717132102361,0.007525137826823316,0.009083585660511807,1.1487981639821738,0.029928528402496615,1.8274082957694796e-18,1.0764222318849937e-19,11,1.661280268881345e-19,9.785656653499943e-21,3.700391315939138,2.4365443943593313e-20,3.654816737730773e-22,6.2534503472046055e-21,5.68278108488721e-21,1.819796155534396e-21,1.8410599631396018e-21,9.17481798232401e-20,4.9971991538090636e-20,1.026471654624146e-22
trial3.mov,2053,0.1134999824093358,0.25746530366851,0.00567499912046679,0.012873265183425502,0.9925000784407838,0.025986708713314828,1.7450654659045865e-18,9.988280545024878e-20,11,1.5864231508223515e-19,9.080255040931708e-21,-0.9723376515386066,2.3267539545394744e-20,3.490131071414442e-22,6.001402447964635e-21,5.5027668986808474e-21,2.0007429184627616e-21,2.0241179210900668e-21,7.545508351372868e-20,6.0557392694457e-20,9.939559561924425e-23
trial3.mov,2133,0.1485565614335153,0.2469152884336626,0.007427828071675765,0.01234576442168313,1.1410927560947146,0.029734227513230297,2.16007673648901e-18,1.245444154182124e-19,13,1.6615974896069308e-19,9.5803396475548e-21,3.7201928593589755,2.880102315318706e-20,4.320153645783606e-22,7.393438703411049e-21,6.721353727200209e-21,2.1651069113739492e-21,2.1904054331389522e-21,1.0012539727843199e-19,6.743286160673135e-20,1.2140673680489097e-22
trial3.mov,2280,0.149043457405107,0.2090591283398854,0.00745217287025535,0.010452956416994272,1.1430251881887408,0.029782956295881253,1.9594967183498415e-18,1.1414811090596603e-19,12,1.6329139319582012e-19,9.512342575497168e-21,1.9297086116230462,2.6126622911331384e-20,3.918993593459909e-22,6.7065374795676134e-21,6.096295925158856e-21,1.9608528325495217e-21,1.9837647495252337e-21,9.479219776672378e-20,5.719739150596371e-20,1.1011641777707208e-22
trial3.mov,2298,0.0860204455533094,0.1540958581707832,0.00430102227766547,0.00770479290853916,0.8590223850606225,0.022619143096708996,9.663089515877361e-19,5.614408179757514e-20,6,1.6105149193128936e-19,9.357346966262524e-21,0.5315180594814984,1.288411935450325e-20,1.9326179804811119e-22,3.3417936156906875e-21,3.0946406651749457e-21,1.2722903408465025e-21,1.2871524685060862e-21,4.472899049961719e-20,3.1006684020115837e-20,5.589799609991872e-23
trial3.mov,2391,0.1299229806556943,0.2001332347482309,0.006496149032784716,0.010006661737411545,1.064601910811982,0.027805270910733596,1.6739645696335534e-18,9.718376811266554e-20,10,1.6739645696335533e-19,9.718376811266555e-21,4.492170389110697,2.2319527595114228e-20,3.347929273183986e-22,5.742722249836189e-21,5.242344402813467e-21,1.7940016896356773e-21,1.814962689849793e-21,7.939603092741039e-20,5.075134606459346e-20,9.469162703088197e-23
trial3.mov,2420,0.1095021556632309,0.1895069439629997,0.005475107783161546,0.009475347198149985,0.9741732967236808,0.0255244161148135,1.3786467350179052e-18,7.980293746798303e-20,9,1.5318297055754502e-19,8.866993051998114e-21,-4.380168191295242,1.8381956466905522e-20,2.757293580326975e-22,4.74449097475226e-21,4.355585284119557e-21,1.6091886549957852e-21,1.627988720728457e-21,6.383693348395138e-20,4.368815696318222e-20,7.867423789108455e-23
trial3.mov,2504,0.136439041088716,0.131799545590212,0.0068219520544358,0.006589977279510602,1.0919379720531712,0.028494668394850774,1.3978452588024028e-18,8.417314020920854e-20,9,1.5531613986693365e-19,9.352571134356503e-21,-3.048601830877869,1.863793678403218e-20,2.7956906294339204e-22,4.791375051492085e-21,4.367163787802889e-21,1.4619187749355616e-21,1.4790001307169078e-21,7.424253639277303e-20,3.4341697851270104e-20,7.888338012516444e-23
trial3.mov,2590,0.1329573698802181,0.2483105797430236,0.006647868494010906,0.012415528987151182,1.077414893924658,0.028128410743145683,1.958616485297208e-18,1.1252886957985236e-19,12,1.6321804044143398e-19,9.37740579832103e-21,1.8839203754269576,2.611488647062965e-20,3.9172331272849106e-22,6.716531981971631e-21,6.126828444948901e-21,2.0750062758889024e-21,2.0992507791106467e-21,8.843837480184472e-20,6.377997356439009e-20,1.1066792079086703e-22
trial3.mov,2620,0.1780824683514276,0.2590477207893225,0.008904123417571382,0.012952386039466125,1.2530675292993212,0.03255757022388355,2.6375193870738054e-18,1.5278463405258368e-19,16,1.6484496169211284e-19,9.54903962828648e-21,2.8994767116809252,3.516692516098446e-20,5.275038985149405e-22,9.00173704977109e-21,8.140787903175601e-21,2.4148123049902267e-21,2.4430307087111466e-21,1.258548642764944e-19,7.81510180184699e-20,1.470457510344367e-22
trial3.mov,2812,0.1324427295246958,0.4385838183393772,0.006622136476234791,0.021929190916968863,1.0752521403007005,0.028073867311107104,2.9271280523664668e-18,1.6616770823036618e-19,18,1.6261822513147038e-19,9.231539346131454e-21,1.5095038273847565,3.9028374031553214e-20,5.854256338902297e-22,1.0038453474281142e-20,9.158207764174784e-21,3.1070824079874376e-21,3.1433856873825974e-21,1.1509890330432662e-19,1.124107979547726e-19,1.6542323980574053e-22
trial3.mov,2891,0.2268726824995365,0.2221908048264075,0.011343634124976826,0.011109540241320374,1.4193980920978637,0.03675069584500139,3.0911550364926094e-18,1.8421579116956944e-19,19,1.626923703417163e-19,9.695567956293128e-21,1.5557867301599824,4.121540048656842e-20,6.18231032027667e-22,1.0513514804586522e-20,9.447686100987587e-21,2.507689011254876e-21,2.5369954228378105e-21,1.6178897621936985e-19,7.647317637550203e-20,1.7065204669269135e-22
trial3.mov,3008,0.0794887604266477,0.1862683048407459,0.003974438021332385,0.009313415242037297,0.8242703714497164,0.02174210399036852,1.0225175255040428e-18,5.893093666787517e-20,6,1.7041958758400713e-19,9.821822777979195e-21,6.3792681548109424,1.3633567006720707e-20,2.0450351328104397e-22,3.542297937416386e-21,3.2902994219836182e-21,1.4004024852995079e-21,1.416760371036027e-21,4.4446824547674314e-20,3.5833968506906294e-20,5.943214810643133e-23
trial3.mov,3145,0.123688939831774,0.2051761283816162,0.006184446991588701,0.010258806419080812,1.0378004894373545,0.027129317663574272,1.6229722326964225e-18,9.391692602251247e-20,10,1.6229722326964225e-19,9.391692602251247e-21,1.3091281333597102,2.1639629769285724e-20,3.245944595230803e-22,5.5726758518874305e-21,5.0951563306817134e-21,1.7825862825152097e-21,1.803413414714757e-21,7.56661677839043e-20,5.062793092993534e-20,9.203299206833952e-23
trial3.mov,3155,0.1196549027703615,0.1891272499484764,0.005982745138518076,0.00945636249742382,1.0200964531270946,0.026682785085537203,1.4959876305944995e-18,8.686264040236344e-20,9,1.6622084784383328e-19,9.651404489151492e-21,3.758331987411538,1.994650174126014e-20,2.991975380869067e-22,5.139759934736596e-21,4.7044342001692305e-21,1.6705418154472839e-21,1.6900595412348454e-21,7.06684061846012e-20,4.5814180651317993e-20,8.497544059884582e-23
trial3.mov,3167,0.1185165247490356,0.0858211983641983,0.00592582623745178,0.004291059918209915,1.0150467729945079,0.02655541820208228,9.847146605201827e-19,6.131938942848324e-20,6,1.6411911008669712e-19,1.021989823808054e-20,2.4463858219083163,1.3129528806935843e-20,1.9694293998187449e-22,3.3837758561603727e-21,3.09815497254886e-21,1.1048733842245742e-21,1.1177820785672958e-21,5.600453065815343e-20,2.067885237367699e-20,5.596147642808181e-23
trial3.mov,3191,0.1072309491749862,0.2207349174963955,0.00536154745874931,0.011036745874819776,0.9636126750947558,0.025258014153992286,1.494509244360477e-18,8.590427871227368e-20,9,1.6605658270671968e-19,9.544919856919298e-21,3.655794448639002,1.9926789924806453e-20,2.989018608282044e-22,5.1452961511459585e-21,4.726938531143668e-21,1.7627735188358947e-21,1.7833676841386224e-21,6.63162089552279e-20,5.0293400666914006e-20,8.538193180601374e-23
trial3.mov,3210,0.1666431036198055,0.3388409773602726,0.008332155180990276,0.01694204886801363,1.2108741807682482,0.03149375874499009,2.9410322850385333e-18,1.6772830678136162e-19,18,1.6339068250214073e-19,9.318239265631201e-21,1.9916869551440286,3.921376380051408e-20,5.8820648053601925e-22,1.0047879418684446e-20,9.103850259845642e-21,2.783491119849664e-21,2.8160168515237686e-21,1.2914537031716908e-19,9.857306010293979e-20,1.6444139177318436e-22
trial3.mov,3261,0.131786921112663,0.2755292224622963,0.006589346055633151,0.013776461123114815,1.0724900439404315,0.02800420843622197,2.0821965225644877e-18,1.1913139048736009e-19,13,1.6016896327419136e-19,9.163953114412314e-21,-0.01937373645982122,2.7762620300860075e-20,4.164393211703145e-22,7.14141917392728e-21,6.5162274561066596e-21,2.2156912952976594e-21,2.241579463714696e-21,9.142341822173763e-20,7.042514738558457e-20,1.1770157266710153e-22
trial3.mov,3298,0.123045415969432,0.2734167169231146,0.006152270798471601,0.01367083584615573,1.0349958166957625,0.027058579224461688,1.9508984119940528e-18,1.1155236918868189e-19,12,1.6257486766617107e-19,9.29603076572349e-21,1.4824392423040404,2.6011978826587552e-20,3.901796980060729e-22,6.69928279437717e-21,6.126263457734008e-21,2.1483510135477317e-21,2.1734515528697027e-21,8.455768834243052e-20,6.727101967673948e-20,1.1065771477001656e-22
trial3.mov,3392,0.1267448990031417,0.2946951727171307,0.0063372449501570855,0.014734758635856535,1.0510209204960503,0.02746275250358067,2.108249554813861e-18,1.2033368118574623e-19,13,1.6217304267798932e-19,9.256437014288171e-21,1.2316121585451478,2.810999406418511e-20,4.2164992782862377e-22,7.2357641880067e-21,6.610523130668911e-21,2.2875418490410895e-21,2.3142690252405566e-21,9.027708867708336e-20,7.37104761005097e-20,1.1940481992817888e-22
trial3.mov,3416,0.1474806906043262,0.3216999331417904,0.007374034530216311,0.01608499665708952,1.1368115048421186,0.02962626962256946,2.552424376792803e-18,1.4553978587075477e-19,16,1.5952652354955018e-19,9.096236616922173e-21,-0.4203972849249769,3.4032325023904204e-20,5.104848957780793e-22,8.73740512747663e-21,7.94488423820583e-21,2.5676719156404478e-21,2.5976741729337564e-21,1.1051419430057247e-19,8.750518561568323e-20,1.4350717255374007e-22
trial3.mov,3426,0.1124840949433689,0.3229987260013495,0.005624204747168446,0.016149936300067474,0.9878740147484695,0.02587001851517513,2.038295718584851e-18,1.1616427374015754e-19,13,1.5679197835268083e-19,8.935713364627502e-21,-2.1273543366536622,2.717727624779824e-20,4.0765916002331402e-22,7.011030555654587e-21,6.4304592059930355e-21,2.347448569253688e-21,2.3748740645933715e-21,8.330534910617489e-20,7.559045829737633e-20,1.1615235282429195e-22
trial3.mov,3441,0.0936803627811601,0.0937367457861423,0.004684018139058006,0.004686837289307116,0.8981393388745653,0.023606195805418725,7.915428392496475e-19,4.789626674018186e-20,5,1.5830856784992951e-19,9.579253348036372e-21,-1.1806692572225246,1.0553904523328726e-20,1.583085741822742e-22,2.7324874852435373e-21,2.522383388665248e-21,9.987507956016294e-22,1.0104181687431363e-21,4.213039029618725e-20,1.979452422160843e-20,4.5561405520158436e-23
trial3.mov,3450,0.1301899247029727,0.2868743300825216,0.006509496235148636,0.01434371650412608,1.065735060022425,0.02783384896676622,2.117658622658773e-18,1.2098747184848005e-19,13,1.628968171275979e-19,9.306728603729235e-21,1.6834064466903256,2.8235448302117456e-20,4.235317414727992e-22,7.264601338831173e-21,6.631185904274516e-21,2.267187474840724e-21,2.2936771730331367e-21,9.180996902098437e-20,7.283073192536772e-20,1.197780485751147e-22
trial3.mov,3470,0.1557500360375996,0.1499787932578243,0.00778750180187998,0.0074989396628912155,1.1693287642719024,0.030446219200777613,1.7139602047570672e-18,1.0297501637204245e-19,11,1.558145640688243e-19,9.361365124731131e-21,-2.73747561246923,2.2852802730094538e-20,3.4279205466321304e-22,5.861952133427762e-21,5.321608429585548e-21,1.6778552900384142e-21,1.697460851103489e-21,9.080597082837804e-20,4.20401444956645e-20,9.61233618213881e-23
trial3.mov,3486,0.1106865231591466,0.1844959714120159,0.0055343261579573295,0.009224798570600797,0.9796369807549624,0.025662239796390277,1.3692223005615751e-18,7.93948198219913e-20,9,1.5213581117350835e-19,8.821646646887922e-21,-5.0338257343892945,1.8256297340821172e-20,2.7384447106616885e-22,4.7110897257164065e-21,4.323334717979979e-21,1.5896282976875246e-21,1.6081999437629015e-21,6.397810664472668e-20,4.278980005032126e-20,7.809170117575246e-23
trial3.mov,3498,0.0824883362918022,0.1874734915722813,0.00412441681459011,0.009373674578614065,0.8403999564902245,0.022149183548639182,1.060841441468297e-18,6.113787286007354e-20,7,1.5154877735261386e-19,8.733981837153363e-21,-5.40026382483529,1.41445525529107e-20,2.1216829678038923e-22,3.672054950296061e-21,3.405925101152107e-21,1.4262854941862384e-21,1.4429460874713286e-21,4.63866487823693e-20,3.683477227320498e-20,6.152067641739929e-23
trial4.mov,28,0.1648785425101217,0.0422368421052634,0.008243927125506086,0.0021118421052631698,1.20423838971354,0.03132644621340866,1.1980314560840076e-18,8.322351666306207e-20,7,1.7114735086914394e-19,1.1889073809008867e-20,6.8335523527739985,1.5973752747786902e-20,2.39606300801061e-22,4.093693863855074e-21,3.7102077904154336e-21,1.1399018090392183e-21,1.153221763614488e-21,8.055156842287575e-20,1.2215670395930533e-20,6.701689010327335e-23
trial4.mov,67,0.0979959458236666,0.1982403793383026,0.00489979729118333,0.009912018966915131,0.9194760076883816,0.024144533826143892,1.283317169516254e-18,7.395454160904182e-20,8,1.6041464618953176e-19,9.244317701130228e-21,0.13398638547550817,1.7110895593550175e-20,2.5666344416988057e-22,4.426073542153262e-21,4.079094666297465e-21,1.5832690231584259e-21,1.6017651794038336e-21,5.736994764998141e-20,4.293958250345607e-20,7.368003136967287e-23
trial4.mov,73,0.1010795454545444,0.0582480144618269,0.0050539772727272204,0.0029124007230913454,0.934435631173911,0.024521952300651226,7.023577730659191e-19,4.5064100619103106e-20,4,1.7558944326647977e-19,1.1266025154775776e-20,9.606394048988621,9.364770307545648e-21,1.40471560232029e-22,2.420880665853966e-21,2.228637326862478e-21,8.532244364959366e-22,8.631921915379421e-22,4.2022873979322564e-20,1.2838628089325444e-20,4.02555179887637e-23
trial4.mov,88,0.0621867576371925,0.1481062492776634,0.0031093378818596255,0.0074053124638831696,0.7246234426594304,0.019226482036512876,7.0266230314362e-19,4.073085175231441e-20,4,1.75665575785905e-19,1.0182712938078602e-20,9.653917469353939,9.368830708581674e-21,1.40532466250043e-22,2.448398673524866e-21,2.297307106745665e-21,1.087678292049472e-21,1.1003812719003509e-21,3.0745525965626943e-20,2.4743732507838898e-20,4.149588641413862e-23
trial4.mov,90,0.0782284717778083,0.1976135235006282,0.003911423588890415,0.009880676175031411,0.8174029625377567,0.02156877501028818,1.0516876141234619e-18,6.052678072187445e-20,7,1.5024108773192313e-19,8.646682960267778e-21,-6.216549480697174,1.4022501521646218e-20,2.1033753123818516e-22,3.644655363445369e-21,3.3874990371255988e-21,1.4518831099925321e-21,1.4688421673164132e-21,4.4929342153560675e-20,3.7671510974810723e-20,6.118784895344962e-23
trial4.mov,99,0.0557828104971234,0.2834403820816764,0.0027891405248561705,0.014172019104083819,0.6842756725220503,0.018207455066079962,1.0640475689440702e-18,6.16007571225869e-20,7,1.520067955634386e-19,8.800108160369558e-21,-5.114359823072036,1.418730091925442e-20,2.1280952230123503e-22,3.717999481377209e-21,3.505353055253364e-21,1.738777102169888e-21,1.759082689478363e-21,3.981168757287444e-20,4.4453630543632136e-20,6.331662360099915e-23
trial4.mov,108,0.0798835341988755,0.547755998010708,0.003994176709943775,0.0273877999005354,0.8264103340969671,0.021796114172251718,2.4217139025324196e-18,1.3962290417971568e-19,15,1.614475935021613e-19,9.308193611981045e-21,0.7787724732592437,3.2289518700432454e-20,4.843427998802144e-22,8.388595124598045e-21,7.790323647942419e-21,3.308502929058553e-21,3.347149158581266e-21,8.444765834132707e-20,1.0567437577650042e-19,1.4071536045074516e-22
trial4.mov,128,0.0747088730861017,0.0813182492248215,0.0037354436543050856,0.004065912461241075,0.7979265471900039,0.0210771725980288,5.794277009952697e-19,3.498734897025009e-20,4,1.4485692524881744e-19,8.746837242562523e-21,-9.57744990710522,7.725702679937003e-21,1.158855448344959e-22,2.010125469893526e-21,1.8717185206080244e-21,8.184981943034534e-22,8.280585789411121e-22,3.045529074838139e-20,1.5099312702635197e-20,3.380854964729142e-23
trial4.mov,154,0.1927168946332001,0.1543269230769405,0.009635844731660006,0.007716346153847024,1.305118070947993,0.033869827568769204,2.186233425584168e-18,1.3337874348624394e-19,14,1.5615953039886913e-19,9.527053106160281e-21,-2.5221408246759447,2.9149779007789137e-20,4.372467026066075e-22,7.452763038115964e-21,6.725484991205028e-21,1.9242038113283627e-21,1.9466898882390242e-21,1.2028629216845378e-19,4.860980955150795e-20,1.2148136128256564e-22
trial4.mov,255,0.17708333333333,0.29432553143778,0.008854166666666502,0.014716276571889002,1.2494372950903136,0.032466044361639156,2.835607068234877e-18,1.629890605245474e-19,18,1.5753372601304872e-19,9.0549478069193e-21,-1.6643408158247677,3.780809424313181e-20,5.67121436332115e-22,9.678627713869553e-21,8.754305115995538e-21,2.603480387604523e-21,2.633903412020653e-21,1.30826759062908e-19,8.852098673538814e-20,1.5812761435614146e-22
trial4.mov,270,0.1306878597598592,0.4795568181818455,0.006534392987992959,0.023977840909092274,1.0678456455588248,0.027887077811962785,3.1051086108788636e-18,1.763101143684412e-19,19,1.634267689936244e-19,9.279479703602167e-21,2.0142128549465745,4.140144814505199e-20,6.210217470167728e-22,1.0651320312366158e-20,9.72143233401924e-21,3.318031082587117e-21,3.35679885169206e-21,1.193940806000988e-19,1.220064721059615e-19,1.7559667478975372e-22
trial4.mov,344,0.0653021480331262,0.2330411985018587,0.00326510740165631,0.011652059925092936,0.7435013533548414,0.01970316955534057,1.0254554028481336e-18,5.905201452477528e-20,6,1.7090923380802227e-19,9.84200242079588e-21,6.684914986281067,1.3672738704641864e-20,2.0509108877318578e-22,3.5688363246818404e-21,3.3416021972932848e-21,1.5491189899930387e-21,1.5672117323363586e-21,4.083362714705536e-20,4.005005622974593e-20,6.035882009295133e-23
trial4.mov,374,0.048014109132731,0.3256863157384517,0.0024007054566365506,0.016284315786922587,0.6320878617883545,0.016888916929143693,1.0734199571163414e-18,6.257449151092404e-20,7,1.5334570815947735e-19,8.939213072989148e-21,-4.27858417011401,1.4312266094884632e-20,2.1468400001065214e-22,3.766138977513998e-21,3.5755963704261056e-21,1.8902046509675057e-21,1.912276110565318e-21,3.858184426121228e-20,4.677519315021613e-20,6.458541524051627e-23
trial4.mov,393,0.093750000000005,0.0885416666666713,0.0046875000000002505,0.004427083333333566,0.898487480897135,0.023614979970102545,7.702189997125616e-19,4.6870086180535424e-20,5,1.5404379994251233e-19,9.374017236107084e-21,-3.8428215090434863,1.0269586662834261e-20,1.5404380610427978e-22,2.6588346485604063e-21,2.454327194686633e-21,9.71484520297563e-22,9.828333744484749e-22,4.155024745576094e-20,1.8705318564447896e-20,4.43321174364064e-23
trial4.mov,407,0.0594703404154575,0.2494757835841093,0.002973517020772875,0.012473789179205465,0.7077745385206862,0.018800979741422412,1.0058882381317837e-18,5.806839150597402e-20,6,1.6764803968863062e-19,9.67806525099567e-21,4.6492132887831605,1.3411843175090563e-20,2.0117765567342002e-22,3.508941830454337e-21,3.2988247577643022e-21,1.5921154122124334e-21,1.6107091263727295e-21,3.891367746084172e-20,4.061302876328003e-20,5.958613716758944e-23
