drop_id,n_charges,measurement,fall_velocity,rise_velocity,radius,charge_const,q_est[C]
1,1,1,2.9932950414632385e-05,6.574152871240434e-05,4.98187937679519e-07,2.72466895889534e-13,1.426213732033456e-19
1,1,2,2.921136559120126e-05,8.444774732377552e-05,4.917014835594229e-07,2.7172848979816e-13,1.6692268709297705e-19
1,1,3,3.151957830770248e-05,9.165213879550104e-05,5.121823391553648e-07,2.7400696936897533e-13,1.8947975057357046e-19
1,1,4,2.8347359508977443e-05,7.148298942117123e-05,4.838290516797819e-07,2.7081038740988983e-13,1.4394089983972134e-19
1,1,5,2.849783281424047e-05,7.771453644548659e-05,4.852085881138843e-07,2.7097304740024085e-13,1.5364099438783483e-19
1,1,6,3.0295933446635112e-05,7.24906457017294e-05,5.014214597870672e-07,2.728290765015966e-13,1.543544783998829e-19
1,1,7,2.8601865768314095e-05,6.577413994152459e-05,4.861602440105195e-07,2.7108481259169375e-13,1.3682452901015843e-19
1,1,8,3.2543771584140896e-05,7.302945979045267e-05,5.210304584639675e-07,2.7494505998472484e-13,1.6558983642134218e-19
1,1,9,2.7786771608750575e-05,7.293668045800533e-05,4.786572715697482e-07,2.7019372266716696e-13,1.4345804314239128e-19
1,1,10,2.6450574023489687e-05,7.430543836435126e-05,4.6611678019024705e-07,2.6865193353793914e-13,1.3921258327385343e-19
2,1,1,3.734680644960412e-05,5.4795879237690575e-05,5.60787397000981e-07,2.788514694828171e-13,1.5702201255861663e-19
2,1,2,3.972082204788209e-05,5.408007854746892e-05,5.794961520118998e-07,2.8053221251112734e-13,1.6584365442141554e-19
2,1,3,3.150544274489248e-05,5.48331997745824e-05,5.120592276665124e-07,2.7399372653956715e-13,1.3278182357931628e-19
2,1,4,3.608305753004345e-05,5.1285354850542906e-05,5.505864341593051e-07,2.778944882994294e-13,1.4584315222970066e-19
2,1,5,4.05727029312503e-05,5.491023316679058e-05,5.860731504932414e-07,2.811013780982184e-13,1.7096440942158216e-19
2,1,6,3.166060952560431e-05,4.83043097250176e-05,5.134091279348825e-07,2.7413864335307796e-13,1.2334722915568522e-19
2,1,7,4.234886426296645e-05,4.337921346460864e-05,5.995685066574895e-07,2.822358619657289e-13,1.5745489460598319e-19
2,1,8,4.638571985755813e-05,5.175031511994752e-05,6.292287841842381e-07,2.845821800820969e-13,1.9020781622624346e-19
2,1,9,4.343022144597465e-05,5.9744551673975934e-05,6.076469262094107e-07,2.8289434086227386e-13,1.9235071463625352e-19
2,1,10,3.395398726959103e-05,5.373459164244081e-05,5.329897846569327e-07,2.761715218953848e-13,1.4111309455607653e-19
3,6,1,2.6114293500097623e-05,0.0006914738362411,4.629114316583836e-07,2.682468962478161e-13,1.6394487379387397e-19
3,6,2,3.0379048726363935e-05,0.0007497837258753,5.021591512005582e-07,2.7291116182817835e-13,1.9558806822714134e-19
3,6,3,3.1647012638613765e-05,0.000689858936776,5.132909712039306e-07,2.7412598413789756e-13,1.8544077356050403e-19
3,6,4,2.5555551596240812e-05,0.0006035083394126,4.575399409952165e-07,2.6755776279569036e-13,1.4180896655318836e-19
3,6,5,2.7563358128795784e-05,0.0005908452331989,4.7658170052968234e-07,2.6994314615422903e-13,1.4607053947931165e-19
3,6,6,2.489553179031512e-05,0.0006699694645117,4.511190719694011e-07,2.6671648705378174e-13,1.541202662274616e-19
3,6,7,3.294547463898725e-05,0.000602272710792,5.244629248973896e-07,2.753018527973703e-13,1.6729335508347412e-19
3,6,8,2.6754592808582315e-05,0.0007685104148931,4.6899723159778894e-07,2.690120465191303e-13,1.8442998222346557e-19
3,6,9,2.963800440732223e-05,0.0006178423509164,4.955461155144225e-07,2.7216808673319655e-13,1.5989578867258813e-19
3,6,10,2.985150837503057e-05,0.0007190765100086,4.974597625455241e-07,2.723847964248976e-13,1.8576112452134576e-19
4,2,1,3.3376827871238956e-05,0.0001699942461729,5.281256406606258e-07,2.7567829886021986e-13,1.6195124696715268e-19
4,2,2,3.161783222945304e-05,0.0001599016763527,5.130373086341058e-07,2.740987905367339e-13,1.475897467714622e-19
4,2,3,3.543735646477048e-05,0.0001658760837056,5.453056796566551e-07,2.7738725123280705e-13,1.6621106424109683e-19
4,2,4,3.1641953369138284e-05,0.0001802246297901,5.13246999786975e-07,2.7412127183706346e-13,1.6334537723305058e-19
4,2,5,3.171786051877453e-05,0.0001515924154187,5.139063614771244e-07,2.741918634094716e-13,1.4153482785064097e-19
4,2,6,3.3537604489274006e-05,0.000171290841786,5.294848001102124e-07,2.758168811248277e-13,1.6358637835488623e-19
4,2,7,3.1392444529011034e-05,0.0001679175918442,5.1107409789918e-07,2.7388756709666686e-13,1.529269611908214e-19
4,2,8,3.681247527718047e-05,0.0001608420345536,5.564955838681346e-07,2.7845245133307546e-13,1.6696494089226166e-19
4,2,9,3.045817712816717e-05,0.0001817268869678,5.028605248935974e-07,2.729890206366481e-13,1.5983870380892333e-19
4,2,10,3.473341119341041e-05,0.0001769408681225,5.394937239637686e-07,2.7681934908749665e-13,1.7266656771839617e-19
5,7,1,5.225479733887107e-05,0.0005391880939459,6.701435651750451e-07,2.875230806851121e-13,1.7561053790935838e-19
5,7,2,5.121738797679103e-05,0.0004278142949034,6.63084874445793e-07,2.870381578461949e-13,1.4057708889735925e-19
5,7,3,5.588764443899304e-05,0.0005338272956545,6.943271047493805e-07,2.8911928379761746e-13,1.8208704689700796e-19
5,7,4,6.0008389396019754e-05,0.0005049640876118,7.208281753801947e-07,2.907607060645802e-13,1.8179040261882448e-19
5,7,5,5.46688271075021e-05,0.0004499178329154,6.86303356446662e-07,2.886005426130588e-13,1.5381714501442785e-19
5,7,6,5.046506362288124e-05,0.0005100617723116,6.579212646894405e-07,2.8667772017858923e-13,1.6307512663093936e-19
5,7,7,4.621994561134791e-05,0.0005222867085468,6.280367228262295e-07,2.8449155584437996e-13,1.5708025865324865e-19
5,7,8,6.069156232886638e-05,0.0005082107290291,7.251330136110191e-07,2.9101740739565613e-13,1.842564794672167e-19
5,7,9,5.261488432612325e-05,0.0004729730672726,6.72577296209269e-07,2.876882261569059e-13,1.5668367865033977e-19
5,7,10,4.988672439034359e-05,0.0004907771763206,6.539256738805489e-07,2.863954355661372e-13,1.56238449293537e-19
6,6,1,2.886162733655003e-05,0.0006912725743718,4.88528963046078e-07,2.7136144095854613e-13,1.749728764033815e-19
6,6,2,2.606083770355556e-05,0.0006526441822613,4.6240001814452444e-07,2.681818480908033e-13,1.5486503538555047e-19
6,6,3,2.596426389087961e-05,0.000659955160585,4.6147476981813536e-07,2.680638638443809e-13,1.5615220880824104e-19
6,6,4,2.806977494362791e-05,0.000664402689356,4.812745753065529e-07,2.7050716432868056e-13,1.6540532819794462e-19
6,6,5,2.460306542317499e-05,0.0006402351602542,4.4824685411191574e-07,2.663338260035971e-13,1.4638132370253552e-19
6,6,6,2.3131935043118643e-05,0.0006355392227082,4.335350146676425e-07,2.643096386224566e-13,1.3955210099794205e-19
6,6,7,2.6078094297099395e-05,0.0006469829702486,4.6256516951614174e-07,2.6820286701823786e-13,1.5364009230688405e-19
6,6,8,2.8737566962168937e-05,0.0007380775198067,4.873990068893547e-07,2.712297569600464e-13,1.8582396878360332e-19
6,6,9,2.1313727941988477e-05,0.0006610818648162,4.1469451716136787e-07,2.615496617370688e-13,1.3733107971887155e-19
6,6,10,2.677677788331597e-05,0.0006280259166465,4.6920678759340857e-07,2.690381037703932e-13,1.5193301593763105e-19
7,8,1,2.6606670204178087e-05,0.0009733284926993,4.6759776971845497e-07,2.6883754004592373e-13,1.7332732309988561e-19
7,8,2,2.310280978312325e-05,0.0010356280020293,4.3323913093974526e-07,2.642677905560803e-13,1.6810173671249108e-19
7,8,3,2.581973372163657e-05,0.0008691485057033,4.6008686384805864e-07,2.6788615685321827e-13,1.5228032244428368e-19
7,8,4,2.7444466526034892e-05,0.001006535224249,4.754737561960543e-07,2.698086522344282e-13,1.8268601004229704e-19
7,8,5,2.275296160233978e-05,0.0009617159584689,4.2967044263500273e-07,2.637594000211121e-13,1.5482423261359907e-19
7,8,6,2.708081936574766e-05,0.0008496496315193,4.720700583255156e-07,2.693922363535524e-13,1.5363567740901832e-19
7,8,7,2.625649020495717e-05,0.0008250738617215,4.642693059165283e-07,2.684190395677798e-13,1.4636585848650776e-19
7,8,8,2.8795661070729548e-05,0.000885182822076,4.879284360173103e-07,2.7129151879106885e-13,1.6632047943841072e-19
7,8,9,2.2232223895969313e-05,0.0009873328267485,4.2430772931952146e-07,2.6298251680505735e-13,1.5648137433661696e-19
7,8,10,2.4053968731858655e-05,0.0009119898509814,4.4280816521371975e-07,2.6559821852676113e-13,1.5241395119927775e-19
8,10,1,3.0244097902083383e-05,0.0008258987189396,5.009608826501598e-07,2.7277772492911326e-13,1.2843264826177272e-19
8,10,2,3.174852731917458e-05,0.0010133574776223,5.14172523663866e-07,2.7422031612985457e-13,1.6148112366199285e-19
8,10,3,3.439072145140365e-05,0.0007492756962709,5.366431754661423e-07,2.765370411821595e-13,1.2708818913183273e-19
8,10,4,2.9719813071712058e-05,0.0010017888709842,4.962801783040503e-07,2.722513787577776e-13,1.5309676470929522e-19
8,10,5,3.128501487510935e-05,0.0008852465114182,5.101358785066645e-07,2.7378614569020694e-13,1.4035473189639943e-19
8,10,6,2.9928451731815432e-05,0.0010086614228585,4.98147740581228e-07,2.724623689777512e-13,1.5480776397991583e-19
8,10,7,3.133375370608542e-05,0.0008483317365715,5.105617294234025e-07,2.738322185613625e-13,1.3483676129341158e-19
8,10,8,2.9112874222027057e-05,0.0008074544350969,4.908099750802068e-07,2.7162574161830446e-13,1.2260674327559543e-19
8,10,9,2.959409241403938e-05,0.0009953777711876,4.951516810359719e-07,2.7212324696271327e-13,1.5173301967618983e-19
8,10,10,2.9732296840612145e-05,0.0013124943517688,4.963921057877664e-07,2.7226406093319937e-13,1.992647162054599e-19
9,6,1,3.625334389891039e-05,0.0005683161083815,5.519712371017288e-07,2.780261499054154e-13,1.6867651905729058e-19
9,6,2,3.244738736072354e-05,0.0006378926581743,5.202037453952047e-07,2.748585387611381e-13,1.749214280370684e-19
9,6,3,3.1123829790727e-05,0.0005611568872593,5.087251837502569e-07,2.7363306427903125e-13,1.506924288374364e-19
9,6,4,3.152867940527419e-05,0.0005078356513223,5.122615892182347e-07,2.7401549131871055e-13,1.3831171877546802e-19
9,6,5,3.011457482527746e-05,0.0004782624012567,4.998083053892985e-07,2.7264887572196385e-13,1.2677298090103074e-19
9,6,6,3.3765033787735724e-05,0.0007023822525887,5.31401897512039e-07,2.760113421341921e-13,1.967768428538025e-19
9,6,7,3.2640753616338095e-05,0.0006175410577745,5.218610705432442e-07,2.750317587029066e-13,1.7027327933660554e-19
9,6,8,3.336858180376474e-05,0.000505819308473,5.280558430398296e-07,2.7567116605677817e-13,1.4310311822900913e-19
9,6,9,3.7485124980854074e-05,0.0004515309005351,5.618933989640318e-07,2.7895346148277607e-13,1.3919802637838213e-19
9,6,10,3.144844405752902e-05,0.0005503973695706,5.115625274677425e-07,2.7394024372339984e-13,1.4897455023791413e-19
10,4,1,3.512921337513601e-05,0.0004414142848226,5.427687074952854e-07,2.7714061421856175e-13,1.9569374520434083e-19
10,4,2,3.083628924464245e-05,0.0003242155352032,5.06199570490618e-07,2.73357227016066e-13,1.3473901647609255e-19
10,4,3,3.531065835454012e-05,0.0003565717503486,5.442638961070162e-07,2.7728620610171213e-13,1.6142728798064351e-19
10,4,4,3.4873422046874496e-05,0.0003659157757725,5.406543275957651e-07,2.7693357457814855e-13,1.6386224884341e-19
10,4,5,3.709046790092885e-05,0.0003851893663728,5.58732296128037e-07,2.786610488785074e-13,1.7916277256983696e-19
10,4,6,3.03891002580105e-05,0.0004251055681713,5.022482957124417e-07,2.729210676808559e-13,1.7132442746277116e-19
10,4,7,3.277608884816304e-05,0.0003436151139458,5.230181128972425e-07,2.751521465259407e-13,1.4822823668470051e-19
10,4,8,3.218597614603063e-05,0.0003877574162236,5.179553816520128e-07,2.746220667290591e-13,1.6356844863187644e-19
10,4,9,3.1850658549352435e-05,0.0003878072685408,5.150580164231383e-07,2.74314798880224e-13,1.6242163789790114e-19
10,4,10,3.7182990727618126e-05,0.0003721517225113,5.594748771978751e-07,2.7872999099676877e-13,1.7392997908333356e-19
